title,company,location,link
Back-end Software Engineer (TS/SCI/Poly Required),MasterPeace Solutions,"Annapolis Junction, MD",https://stackoverflow.com/jobs/295680/Back-end-Software-Engineer-(TS/SCI/Poly-Required)
Machine Learning Engineer,Qntfy,No office location,https://stackoverflow.com/jobs/292501/Machine-Learning-Engineer
Engineering Manager,"Data Theorem, Inc.","Palo Alto, CA",https://stackoverflow.com/jobs/368626/Engineering-Manager
Front-end/full-stack developer,LAER AI,"New York, NY",https://stackoverflow.com/jobs/310952/Front-end/full-stack-developer
Full stack/Back-end developer,LAER AI,"New York, NY",https://stackoverflow.com/jobs/310904/Full-stack/Back-end-developer
Full Stack Engineer (m / w / d),Virail GmbH,"Berlin, Deutschland",https://stackoverflow.com/jobs/368990/Full-Stack-Engineer-(m-/-w-/-d)
Senior Python Developer (f/m/x),RadarServices Smart IT-Security GmbH,"Wien, Österreich",https://stackoverflow.com/jobs/355823/Senior-Python-Developer-(f/m/x)
Senior Node.js Backend Developer,LIQID Investments GmbH,"Berlin, Germany",https://stackoverflow.com/jobs/292494/Senior-Node.js-Backend-Developer
Analista Programador/a  Java,TSD Consulting,"Madrid, Spain",https://stackoverflow.com/jobs/368975/Analista-Programador/a--Java
Associate Software Engineer T-Mobile Money,T-Mobile,"Atlanta, GA",https://stackoverflow.com/jobs/367536/Associate-Software-Engineer-T-Mobile-Money
"Director, Technical Program Management, Machine Learning",Facebook,"Menlo Park, CA","https://stackoverflow.com/jobs/353960/Director,-Technical-Program-Management,-Machine-Learning"
Full Stack Angular / Node.JS,Azertium IT Global Services SL,"Alcobendas, Spain",https://stackoverflow.com/jobs/368967/Full-Stack-Angular-/-Node.JS
Business Intelligence Developer (m/f/d),Quarters Co-Living,"Berlin, Germany",https://stackoverflow.com/jobs/368962/Business-Intelligence-Developer-(m/f/d)
Senior Endpoint Software Engineer - Linux,Carbon Black,No office location,https://stackoverflow.com/jobs/368960/Senior-Endpoint-Software-Engineer---Linux
"Python Engineering Manager - Logistics, Demand (f/m/d)",Delivery Hero SE,"Berlin, Germany","https://stackoverflow.com/jobs/368959/Python-Engineering-Manager---Logistics,-Demand-(f/m/d)"
Frontend Engineer (React) for Retail Data Products,Zalando SE,"Berlin, Germany",https://stackoverflow.com/jobs/353695/Frontend-Engineer-(React)-for-Retail-Data-Products
Consultor/a Jr. Python,Innova-tsn,"Madrid, Spain",https://stackoverflow.com/jobs/368945/Consultor/a-Jr.-Python
Senior Python Fullstack Developer (m/f/d),social sweethearts® GmbH,"München, Deutschland",https://stackoverflow.com/jobs/266546/Senior-Python-Fullstack-Developer-(m/f/d)
Full-stack Software Developer (TS/SCI/Poly required),MasterPeace Solutions,"Annapolis Junction, MD",https://stackoverflow.com/jobs/295681/Full-stack-Software-Developer-(TS/SCI/Poly-required)
Embedded Software Developer (TS/SCI with FS Poly),MasterPeace Solutions,"Annapolis Junction, MD",https://stackoverflow.com/jobs/295684/Embedded-Software-Developer-(TS/SCI-with-FS-Poly)
JavaScript Developer,Tynker,"Vila Nova de Gaia, Portugal",https://stackoverflow.com/jobs/295702/JavaScript-Developer
Software Engineer - Game Development,Tynker,"Mountain View, CA",https://stackoverflow.com/jobs/295701/Software-Engineer---Game-Development
JavaScript Developer,Tynker,"Mountain View, CA",https://stackoverflow.com/jobs/294165/JavaScript-Developer
Data Scientist,Tynker,"Mountain View, CA",https://stackoverflow.com/jobs/296966/Data-Scientist
Back-end Web Developer,Tynker,"Mountain View, CA",https://stackoverflow.com/jobs/294164/Back-end-Web-Developer
Frontend Engineer,Tessian,"London, UK",https://stackoverflow.com/jobs/366491/Frontend-Engineer
Back-end Web Developer,Tynker,"Vila Nova de Gaia, Portugal",https://stackoverflow.com/jobs/294166/Back-end-Web-Developer
Data Engineer - Media Analytics,British Broadcasting Corporation,"London, UK",https://stackoverflow.com/jobs/368939/Data-Engineer---Media-Analytics
Systems Engineering Manager - Cloud Infrastructure,British Broadcasting Corporation,"London, UK",https://stackoverflow.com/jobs/368931/Systems-Engineering-Manager---Cloud-Infrastructure
Senior Software Engineer - Web / Mobile,"uStudio, LLC","Austin, TX",https://stackoverflow.com/jobs/271818/Senior-Software-Engineer---Web-/-Mobile
Senior Product Manager (High-tech B2B),Veniam,"Porto, Portugal",https://stackoverflow.com/jobs/368926/Senior-Product-Manager-(High-tech-B2B)
Forensic Software Developer: All Experience Levels,"Cipher Tech Solutions, Inc","Linthicum Heights, MD",https://stackoverflow.com/jobs/307769/Forensic-Software-Developer:-All-Experience-Levels
Web Engineer,Signal AI,"London, UK",https://stackoverflow.com/jobs/273615/Web-Engineer
Python Developer // Cliente Final // Las Rozas,HUBTALENT,"Las Rozas de Madrid, Spain",https://stackoverflow.com/jobs/368920/Python-Developer-//-Cliente-Final-//-Las-Rozas
Software Engineer - Build the next generation of AI platform,Signal AI,"London, UK",https://stackoverflow.com/jobs/246027/Software-Engineer---Build-the-next-generation-of-AI-platform
Security Engineer (d/f/m),AUTO1,"Berlin, Germany",https://stackoverflow.com/jobs/368915/Security-Engineer-(d/f/m)
QA Automation Engineer,Facile.it,"Milano, Italy",https://stackoverflow.com/jobs/284445/QA-Automation-Engineer
Werkstudent (m/w/d) Softwareentwicklung,ClimatePartner,"München, Deutschland",https://stackoverflow.com/jobs/355770/Werkstudent-(m/w/d)-Softwareentwicklung
(Mid and Senior) Cloud Engineer,DAZN,"Amsterdam, Netherlands",https://stackoverflow.com/jobs/355768/(Mid-and-Senior)-Cloud-Engineer
Sr. Data Scientist,First Orion,"Little Rock, AR",https://stackoverflow.com/jobs/285805/Sr.-Data-Scientist
Senior Software Engineer,Digital Science,"Washington, DC",https://stackoverflow.com/jobs/368899/Senior-Software-Engineer
DevOps Team Lead,Tessian,"London, UK",https://stackoverflow.com/jobs/362181/DevOps-Team-Lead
Security Engineer - Lead,Tessian,"London, UK",https://stackoverflow.com/jobs/288407/Security-Engineer---Lead
Senior Python Backend Engineer,Tessian,"London, UK",https://stackoverflow.com/jobs/288862/Senior-Python-Backend-Engineer
Site Reliability Lead,Tessian,"London, UK",https://stackoverflow.com/jobs/288409/Site-Reliability-Lead
Cloud Big Data Application Support,TELUS International,"Montreal, QC, Canada",https://stackoverflow.com/jobs/276839/Cloud-Big-Data-Application-Support
Linux System Engineer (m/w/d) am Standort Berlin,The unbelievable Machine Company,"Berlin, Deutschland",https://stackoverflow.com/jobs/368894/Linux-System-Engineer-(m/w/d)-am-Standort-Berlin
.Net Web Developer - Opportunities to work abroad!!,Stratospherec LimitedviaStratospherec Limited,"Brighton, UK",https://stackoverflow.com/jobs/368888/.Net-Web-Developer---Opportunities-to-work-abroad!!
Senior Software Engineer (Team Lead),Mapp Digital,"Munich, Germany",https://stackoverflow.com/jobs/368887/Senior-Software-Engineer-(Team-Lead)
SW Automation Engineer - Apple Cloud Services- Apple Park,Apple,"Cupertino, CA",https://stackoverflow.com/jobs/365522/SW-Automation-Engineer---Apple-Cloud-Services--Apple-Park
"Clinical Imaging Senior Scientist, Personalized Healthcare (PHC)",CKR for Genentech API Account,"South San Francisco, CA","https://stackoverflow.com/jobs/368867/Clinical-Imaging-Senior-Scientist,-Personalized-Healthcare-(PHC)"
Computer Vision Performance Analysis Engineer,Apple,"Cupertino, CA",https://stackoverflow.com/jobs/351735/Computer-Vision-Performance-Analysis-Engineer
Security Engineer - Professional Services Engineering (m/f/d),relayr GmbH,"Berlin, Germany",https://stackoverflow.com/jobs/355728/Security-Engineer---Professional-Services-Engineering-(m/f/d)
Technical Data Analyst/Administrator,"Jobu Vetting, LLC.","Boise, ID",https://stackoverflow.com/jobs/300499/Technical-Data-Analyst/Administrator
Full stack Go+Angular,CEL,No office location,https://stackoverflow.com/jobs/368876/Full-stack-Go+Angular
Security Engineer - Analytics (m/f/d),relayr GmbH,"München, Germany",https://stackoverflow.com/jobs/355720/Security-Engineer---Analytics-(m/f/d)
Senior Data Scientist - Omics and Imaging Personalized Healthcare (PHC),CKR for Genentech API Account,"South San Francisco, CA",https://stackoverflow.com/jobs/368871/Senior-Data-Scientist---Omics-and-Imaging-Personalized-Healthcare-(PHC)
"Sr. Data Scientist - Analytics, Personalized Healthcare (PHC)",CKR for Genentech API Account,"South San Francisco, CA","https://stackoverflow.com/jobs/368866/Sr.-Data-Scientist---Analytics,-Personalized-Healthcare-(PHC)"
Advanced Analyst,Securitas Direct España SAU  - Zona Centro,"Pozuelo de Alarcón, Spain",https://stackoverflow.com/jobs/368856/Advanced-Analyst
Engineering Manager (Fraud Detection & Moderation),Adevinta,"Paris, France",https://stackoverflow.com/jobs/292402/Engineering-Manager-(Fraud-Detection-&-Moderation)
"Platform Engineer, Nationwide Digital",Nationwide Building Society,"London, UK","https://stackoverflow.com/jobs/285732/Platform-Engineer,-Nationwide-Digital"
AI / Data Science Trainer (Antwerp),BeCode VZW,"Antwerpen, Belgium",https://stackoverflow.com/jobs/331290/AI-/-Data-Science-Trainer-(Antwerp)
Developpeur·euse Backend Senior,leboncoin,"Paris, France",https://stackoverflow.com/jobs/368832/Developpeur·euse-Backend-Senior
Software Engineer - mid-senior; python & javascript,Envelop Risk,"Bristol, UK",https://stackoverflow.com/jobs/355667/Software-Engineer---mid-senior;-python-&-javascript
Python Developer+Spark (tecnologías BIG DATA-proyecto puntero+estabilidad),SIAG CONSULTING,"San Sebastián de los Reyes, Spain",https://stackoverflow.com/jobs/368827/Python-Developer+Spark-(tecnologías-BIG-DATA-proyecto-puntero+estabilidad)
Programador/a Python - QA Selenium,Logicalis Spain,"Barcelona, Spain",https://stackoverflow.com/jobs/368826/Programador/a-Python---QA-Selenium
Chapter Lead - Full Stack Dev Engineer - Global Digital Channels,ING,"Amsterdam, Netherlands",https://stackoverflow.com/jobs/353206/Chapter-Lead---Full-Stack-Dev-Engineer---Global-Digital-Channels
IT Ops Engineer - Digital Channels,ING,"Amsterdam, Netherlands",https://stackoverflow.com/jobs/313101/IT-Ops-Engineer---Digital-Channels
Programador/a Python Junior,Sopra Steria - Profesionales con experiencia,"Madrid, Spain",https://stackoverflow.com/jobs/368805/Programador/a-Python-Junior
Senior React Developer (Remote),X-Team,No office location,https://stackoverflow.com/jobs/277612/Senior-React-Developer-(Remote)
Engineering Lead (leading 5-8 engineers),Zoopla,"London, UK",https://stackoverflow.com/jobs/368801/Engineering-Lead-(leading-5-8-engineers)
"Big Data Engineer - Python, Azure",Vistaprint,"Barcelona, Spain","https://stackoverflow.com/jobs/285706/Big-Data-Engineer---Python,-Azure"
Security Engineer @ Yolt,ING,"Amsterdam, Netherlands",https://stackoverflow.com/jobs/341596/Security-Engineer-@-Yolt
Senior Full Stack Engineer Digital Channels,ING,"Amsterdam, Netherlands",https://stackoverflow.com/jobs/353679/Senior-Full-Stack-Engineer-Digital-Channels
Web Developer,European Bioinformatics Institute (EMBL-EBI),"Hinxton, UK",https://stackoverflow.com/jobs/355626/Web-Developer
Senior Backend Engineer (Golang/Python/PHP) (m/f/x),HelloFresh,"Berlin, Germany",https://stackoverflow.com/jobs/308227/Senior-Backend-Engineer-(Golang/Python/PHP)-(m/f/x)
Senior Python Blockchain Developer - Raiden Network,brainbot,"Berlin, Germany",https://stackoverflow.com/jobs/198297/Senior-Python-Blockchain-Developer---Raiden-Network
Python Developer,Picnic,"Amsterdam, Netherlands",https://stackoverflow.com/jobs/292346/Python-Developer
UI/UX Designer who wants to challenge a software testing automation product,"Autify, Inc.","Tokyo, Japan",https://stackoverflow.com/jobs/347912/UI/UX-Designer-who-wants-to-challenge-a-software-testing-automation-product
Lead Data Engineer (w/m/d),medi GmbH & Co. KG,"Bayreuth, Deutschland",https://stackoverflow.com/jobs/355617/Lead-Data-Engineer-(w/m/d)
Junior Software Engineer,SG Digital,"Bristol, UK",https://stackoverflow.com/jobs/308235/Junior-Software-Engineer
Machine Learning Engineer who develops production-level machine learning models,"Autify, Inc.","Tokyo, Japan",https://stackoverflow.com/jobs/347924/Machine-Learning-Engineer-who-develops-production-level-machine-learning-models
(Senior) DevOps Engineer (m/w/d) in München,jambit GmbH,"München, Deutschland",https://stackoverflow.com/jobs/308214/(Senior)-DevOps-Engineer-(m/w/d)-in-München
Java Engineer - Marketplace,trivago N.V.,"Düsseldorf, Germany",https://stackoverflow.com/jobs/316047/Java-Engineer---Marketplace
Fullstack Dev wanted to push bus charter platform,Snapbus,"Köln, Deutschland",https://stackoverflow.com/jobs/331203/Fullstack-Dev-wanted-to-push-bus-charter-platform
Programador/a de Python,SII Concatel,"València, Spain",https://stackoverflow.com/jobs/368765/Programador/a-de-Python
Software Engineers,Vayyar,"Yehud-Monosson, Israel",https://stackoverflow.com/jobs/368763/Software-Engineers
Embedded RT Engineers,Vayyar,"Yehud-Monosson, Israel",https://stackoverflow.com/jobs/368758/Embedded-RT-Engineers
Application Engineers,Vayyar,"Yehud-Monosson, Israel",https://stackoverflow.com/jobs/368756/Application-Engineers
Site Reliability Engineer,SpotMe,"Lausanne, Switzerland",https://stackoverflow.com/jobs/308372/Site-Reliability-Engineer
"Data Engineering Manager, Community Integrity",Facebook,"London, UK","https://stackoverflow.com/jobs/353932/Data-Engineering-Manager,-Community-Integrity"
Network Production Engineer,Facebook,"Dublin, Ireland",https://stackoverflow.com/jobs/353929/Network-Production-Engineer
"Software Engineer, Probability",Facebook,"Menlo Park, CA","https://stackoverflow.com/jobs/353927/Software-Engineer,-Probability"
Senior Engineer for Artificial Intelligence & Machine Learning (f/m/x),BMW Group,"München, Deutschland",https://stackoverflow.com/jobs/331171/Senior-Engineer-for-Artificial-Intelligence-&-Machine-Learning-(f/m/x)
Cloud Platform Engineer (m/w/d),inovex GmbH,"München, Deutschland",https://stackoverflow.com/jobs/238734/Cloud-Platform-Engineer-(m/w/d)
Student (m/w/d) zur Erstellung einer Bachelor-oder Masterarbeit - Kubernetes,inovex GmbH,"München, Deutschland",https://stackoverflow.com/jobs/238763/Student-(m/w/d)-zur-Erstellung-einer-Bachelor-oder-Masterarbeit---Kubernetes
データアナリスト・データサイエンティスト,株式会社プロトコーポレーション,"Shinjuku City, Japan",https://stackoverflow.com/jobs/344712/データアナリスト・データサイエンティスト
開発チーム・マネージャー,ルビー・グループ株式会社,"Shinjuku City, Japan",https://stackoverflow.com/jobs/344707/開発チーム・マネージャー
Webディレクター,株式会社ソニックムーブ,"Kariya, Japan",https://stackoverflow.com/jobs/344703/Webディレクター
音声認識エンジンのR&D研究開発,type転職エージェント,"Toshima City, Japan",https://stackoverflow.com/jobs/344700/音声認識エンジンのR&D研究開発
テクニカルデザイナー,株式会社ヘッドロック,"Osaka, Japan",https://stackoverflow.com/jobs/344697/テクニカルデザイナー
開発::Search Platform Engineer,type転職エージェント,"Koto City, Japan",https://stackoverflow.com/jobs/344694/開発::Search-Platform-Engineer
自社提供サービスに関連したシステム開発業務(Python),株式会社パソナテック,"千代田区, Japan",https://stackoverflow.com/jobs/310808/自社提供サービスに関連したシステム開発業務(Python)
デジタルマーケティング・エンジニア《NTTドコモ×電通》,株式会社D2C,"Chuo City, Japan",https://stackoverflow.com/jobs/344693/デジタルマーケティング・エンジニア《NTTドコモ×電通》
フロントエンドエンジニア/自社勤務《パソナ100%子会社》,株式会社パソナデジタルソリューションズ,"Chiyoda City, Japan",https://stackoverflow.com/jobs/344692/フロントエンドエンジニア/自社勤務《パソナ100%子会社》
システムディレクター・SD:大手流通小売業のクライアントの”想い”を「リテールテック」で実現!,株式会社エスキュービズム,"Minato City, Japan",https://stackoverflow.com/jobs/344688/システムディレクター・SD:大手流通小売業のクライアントの”想い”を「リテールテック」で実現!
ゲームプログラマ,ワンダープラネット株式会社,"Shibuya City, Japan",https://stackoverflow.com/jobs/344678/ゲームプログラマ
[スマホゲーム]サーバーサイド開発,ワンダープラネット株式会社,"Shibuya City, Japan",https://stackoverflow.com/jobs/344677/[スマホゲーム]サーバーサイド開発
【岡山】プログラマー募集,株式会社　ジェイテック,"Okayama, Japan",https://stackoverflow.com/jobs/344666/【岡山】プログラマー募集
【岡山】システムエンジニア募集,株式会社　ジェイテック,"Okayama, Japan",https://stackoverflow.com/jobs/344665/【岡山】システムエンジニア募集
インフラエンジニア,株式会社コロプラ,"Shibuya City, Japan",https://stackoverflow.com/jobs/344660/インフラエンジニア
社内SE,株式会社イマジカデジタルスケープ,"Shibuya City, Japan",https://stackoverflow.com/jobs/344658/社内SE
[ 紹介案件 ] SREエンジニア【大手人材紹介企業】,Fidel Consulting,"Shibuya City, Japan",https://stackoverflow.com/jobs/344639/[-紹介案件-]-SREエンジニア【大手人材紹介企業】
データエンジニア,株式会社ブレインパッド,"Minato City, Japan",https://stackoverflow.com/jobs/310802/データエンジニア
開発::UXデザインチーム フロントエンド エンジニア/アーキテクト (Front-end Engi,type転職エージェント,"Koto City, Japan",https://stackoverflow.com/jobs/344621/開発::UXデザインチーム-フロントエンド-エンジニア/アーキテクト-(Front-end-Engi
Cloud Architect | Data & Analytics,DoiT International,"San Francisco, CA",https://stackoverflow.com/jobs/355571/Cloud-Architect-|-Data-&-Analytics
Cloud Architect | Core Infrastructure,DoiT International,"San Francisco, CA",https://stackoverflow.com/jobs/355570/Cloud-Architect-|-Core-Infrastructure
四輪知能化(AI)技術開発,株式会社 本田技術研究所,"Minato City, Japan",https://stackoverflow.com/jobs/310813/四輪知能化(AI)技術開発
カメラ詳細設計 (システム開発会社) C言語,株式会社スタッフサービス,"Kokubunji, Japan",https://stackoverflow.com/jobs/344554/カメラ詳細設計-(システム開発会社)-C言語
BI/レポーティングエンジニア,株式会社ユニクロ,"Koto City, Japan",https://stackoverflow.com/jobs/344531/BI/レポーティングエンジニア
ソリューションエンジニア(シニア),株式会社日本データサイエンス研究所,"Bunkyo City, Japan",https://stackoverflow.com/jobs/344529/ソリューションエンジニア(シニア)
【AWS】クラウドインフラエンジニア,株式会社ヴォーカーズ,"Shibuya City, Japan",https://stackoverflow.com/jobs/319558/【AWS】クラウドインフラエンジニア
データサイエンティスト《大手百貨店グループ/設立50年の基盤,株式会社三越伊勢丹システム・ソリューションズ,"Chuo City, Japan",https://stackoverflow.com/jobs/337197/データサイエンティスト《大手百貨店グループ/設立50年の基盤
データセンタ監視・構築運用業務,株式会社エーティーエス,"Yokohama, Japan",https://stackoverflow.com/jobs/355569/データセンタ監視・構築運用業務
【サーバーサイドエンジニア(ゲームコンテンツ)】株式会社ソフトギア/新宿御苑駅徒歩6分×残業少,株式会社ヴィジョナリー,"Shinjuku City, Japan",https://stackoverflow.com/jobs/368745/【サーバーサイドエンジニア(ゲームコンテンツ)】株式会社ソフトギア/新宿御苑駅徒歩6分×残業少
開発エンジニア/離職率0/東京/中途/月給50万円,ケントリサーチ株式会社,"Taito City, Japan",https://stackoverflow.com/jobs/331076/開発エンジニア/離職率0/東京/中途/月給50万円
"AWS, GCP, Azure経験者 AI/データ分析基盤構築",株式会社エイアイ・フィールド(AIフィールド),"Shinagawa City, Japan","https://stackoverflow.com/jobs/368735/AWS,-GCP,-Azure経験者-AI/データ分析基盤構築"
GCPトレーナー候補 / システムインテグレータ・ソフトハウス,株式会社 トップゲート,"Bunkyo City, Japan",https://stackoverflow.com/jobs/368730/GCPトレーナー候補-/-システムインテグレータ・ソフトハウス
車載器向け画像認識プログラムの開発(C# C Python),株式会社キャリアデザインITパートナーズ,"Shinagawa City, Japan",https://stackoverflow.com/jobs/368729/車載器向け画像認識プログラムの開発(C#-C-Python)
システム統括 事業部横断 データエンジニア,株式会社マイナビ,"Chiyoda City, Japan",https://stackoverflow.com/jobs/368728/システム統括-事業部横断-データエンジニア
Webアプリケーションエンジニア / インターネット/Webサービス・ASP,株式会社 FORCAS,"Minato City, Japan",https://stackoverflow.com/jobs/331040/Webアプリケーションエンジニア-/-インターネット/Webサービス・ASP
サーバサイドエンジニア / LINE NEWS・LINE LIVE・LINEチケット等,LINE株式会社,"Shinjuku City, Japan",https://stackoverflow.com/jobs/359432/サーバサイドエンジニア-/-LINE-NEWS・LINE-LIVE・LINEチケット等
地図システム・アプリ開発,ワークタンク,"Chiyoda City, Japan",https://stackoverflow.com/jobs/312203/地図システム・アプリ開発
急募クライアントエンジニア,株式会社プロフェッショナルメディア,"Sanda, Japan",https://stackoverflow.com/jobs/330982/急募クライアントエンジニア
次期アデス構築プロジェクト,アクティブ・アイティ株式会社,"Bunkyo City, Japan",https://stackoverflow.com/jobs/368716/次期アデス構築プロジェクト
システムエンジニア,株式会社セキュアイノベーション,"Naha, Japan",https://stackoverflow.com/jobs/330940/システムエンジニア
オペレーション企画/SBクラウド出向,ソフトバンク株式会社,"Minato City, Japan",https://stackoverflow.com/jobs/354548/オペレーション企画/SBクラウド出向
社内SE基本設計 (メーカーでのお仕事です ) Linux,株式会社スタッフサービス,"Ina, Japan",https://stackoverflow.com/jobs/368710/社内SE基本設計-(メーカーでのお仕事です-)-Linux
フロントエンドエンジニア(地方) / 不動産賃貸・仲介・管理,株式会社 TAPP,"Nagoya, Japan",https://stackoverflow.com/jobs/368709/フロントエンドエンジニア(地方)-/-不動産賃貸・仲介・管理
[スマホゲーム]サーバーサイド開発※急募,ワンダープラネット株式会社,"Nagoya, Japan",https://stackoverflow.com/jobs/368708/[スマホゲーム]サーバーサイド開発※急募
システムエンジニア-SE・プログラマ-PG,株式会社ねこまた,"Chiyoda City, Japan",https://stackoverflow.com/jobs/368707/システムエンジニア-SE・プログラマ-PG
【経験者募集】システム開発エンジニア 自社内勤務率73%,株式会社ビーンズラボ,"Naha, Japan",https://stackoverflow.com/jobs/331521/【経験者募集】システム開発エンジニア-自社内勤務率73%
【未経験OK!システム開発エンジニア】研修3ヵ月あり 自社内勤務 定着率95.8%,株式会社ビーンズラボ,"Naha, Japan",https://stackoverflow.com/jobs/331520/【未経験OK!システム開発エンジニア】研修3ヵ月あり-自社内勤務-定着率95.8%
iOS & Android Developer,"Volcone Web Solutions, LLC","Surat, India",https://stackoverflow.com/jobs/362927/iOS-&-Android-Developer
Angular JS Developer/Full Stack,DINGG,"Pune, India",https://stackoverflow.com/jobs/368646/Angular-JS-Developer/Full-Stack
Net Developer with Python,Delmon Solutions Pvt Ltd,"Pune, India",https://stackoverflow.com/jobs/368645/Net-Developer-with-Python
Software Corporate Training & Internship/Software Developer/Software Tester,Predigisoft Technologies pvt ltd,"Pune, India",https://stackoverflow.com/jobs/368643/Software-Corporate-Training-&-Internship/Software-Developer/Software-Tester
Vice President - Software Engineering - Cloud,JP Morgan Chase,"Hyderabad, India",https://stackoverflow.com/jobs/365679/Vice-President---Software-Engineering---Cloud
Vice President - Java Application Dev manager,JP Morgan Chase,"Hyderabad, India",https://stackoverflow.com/jobs/368642/Vice-President---Java-Application-Dev-manager
Software Architect - Vice President,JP Morgan Chase,"Hyderabad, India",https://stackoverflow.com/jobs/368640/Software-Architect---Vice-President
Info Security Engineer 3,Wells Fargo,"Hyderabad, India",https://stackoverflow.com/jobs/368639/Info-Security-Engineer-3
Sr. DevOps Engineer,Arck IT Services Private Limited,"Hyderabad, India",https://stackoverflow.com/jobs/368636/Sr.-DevOps-Engineer
Dot Net Developer,Exploit IT Solutions,"Bengaluru, India",https://stackoverflow.com/jobs/368629/Dot-Net-Developer
Java – Cloud Migration Specialist,CareerXperts,"Hyderabad, India",https://stackoverflow.com/jobs/355524/Java-–-Cloud-Migration-Specialist
Senior Systems Administrator,BluJay Solutions,"Hyderabad, India",https://stackoverflow.com/jobs/355514/Senior-Systems-Administrator
QA Manager,Savi Technologies,"Hyderabad, India",https://stackoverflow.com/jobs/355508/QA-Manager
Senior Consultant,AWS ProServe IN - Telangana,"Hyderabad, India",https://stackoverflow.com/jobs/355503/Senior-Consultant
AWS Architect,IMImobile,"Hyderabad, India",https://stackoverflow.com/jobs/355485/AWS-Architect
Cloud Migration Specialist - DevOps,AWS ProServe IN - Telangana,"Hyderabad, India",https://stackoverflow.com/jobs/355469/Cloud-Migration-Specialist---DevOps
SDET II,f5,"Hyderabad, India",https://stackoverflow.com/jobs/355468/SDET-II
Oracle Communications Service Activation Openings in Hyderabad,ICS Consultancy Services,"Hyderabad, India",https://stackoverflow.com/jobs/355464/Oracle-Communications-Service-Activation-Openings-in-Hyderabad
Immediate jobs in Oracle Communications Service Activation,ICS Consultancy Services,"Hyderabad, India",https://stackoverflow.com/jobs/341330/Immediate-jobs-in-Oracle-Communications-Service-Activation
DevOps Platform Engineer,Geomagical Labs,"Mountain View, CA",https://stackoverflow.com/jobs/368628/DevOps-Platform-Engineer
iOS Developer,Atologist Infotech,"Surat, India",https://stackoverflow.com/jobs/330896/iOS-Developer
Senior Backend Engineer,Pole To Win International,"Hyderabad, India",https://stackoverflow.com/jobs/330856/Senior-Backend-Engineer
Data Engineer,Slalom  Seattle,"Seattle, WA",https://stackoverflow.com/jobs/368623/Data-Engineer
Full Stack Engineer,Oblong Industries,"Los Angeles, CA",https://stackoverflow.com/jobs/330774/Full-Stack-Engineer
Software Engineer - Back-End,Oblong Industries,"Los Angeles, CA",https://stackoverflow.com/jobs/330773/Software-Engineer---Back-End
Tableau Developer,SoftvisionviaEllisor Group,"New York, NY",https://stackoverflow.com/jobs/368615/Tableau-Developer
Senior Software Engineer,Banjo,"South Jordan, UT",https://stackoverflow.com/jobs/368614/Senior-Software-Engineer
Software Engineer - Full Stack - Business Intelligence,Vital Images,"Minnetonka, MN",https://stackoverflow.com/jobs/368603/Software-Engineer---Full-Stack---Business-Intelligence
"Software Engineer, Hardware Systems",Facebook,"Menlo Park, CA","https://stackoverflow.com/jobs/353963/Software-Engineer,-Hardware-Systems"
"Director of Partner Engineering, Media Partnerships, APAC",Facebook,Singapore,"https://stackoverflow.com/jobs/360300/Director-of-Partner-Engineering,-Media-Partnerships,-APAC"
Site Reliability Engineer II,BigCommerce,"Austin, TX",https://stackoverflow.com/jobs/368599/Site-Reliability-Engineer-II
Senior Deployment Engineer,Enlitic,"San Francisco, CA",https://stackoverflow.com/jobs/359445/Senior-Deployment-Engineer
.NET Software Development Engineer (Desktop),"Lake Shore Cryotronics, Inc.","Westerville, OH",https://stackoverflow.com/jobs/289380/.NET-Software-Development-Engineer-(Desktop)
Principle Software Engineer,Keysight Technologies,"Calabasas, CA",https://stackoverflow.com/jobs/253012/Principle-Software-Engineer
Lead Big Data Engineer,Keysight Technologies,"Atlanta, GA",https://stackoverflow.com/jobs/219929/Lead-Big-Data-Engineer
Advanced DevOps Engineer,Keysight Technologies,"Atlanta, GA",https://stackoverflow.com/jobs/243547/Advanced-DevOps-Engineer
Infrastructure Engineer,Toptal,No office location,https://stackoverflow.com/jobs/334090/Infrastructure-Engineer
Backend Engineer,Sesame,"Berlin, Germany",https://stackoverflow.com/jobs/308152/Backend-Engineer
"Engineer, Platform - MongoDB/RDS",Auth0,No office location,"https://stackoverflow.com/jobs/368577/Engineer,-Platform---MongoDB/RDS"
Senior Infrastructure Automation Engineer,Olo,No office location,https://stackoverflow.com/jobs/353824/Senior-Infrastructure-Automation-Engineer
Programador  Senior Java,Umanis,"Madrid, Spain",https://stackoverflow.com/jobs/368569/Programador--Senior-Java
Machine Learning Scientist,ASOS,"London, UK",https://stackoverflow.com/jobs/308136/Machine-Learning-Scientist
Principal Machine Learning Scientist,ASOS,"London, UK",https://stackoverflow.com/jobs/308132/Principal-Machine-Learning-Scientist
Software Developer (f/m/d) C++,ADITION technologies AG,"Freiburg im Breisgau, Deutschland",https://stackoverflow.com/jobs/298002/Software-Developer-(f/m/d)-C++
Senior Data Engineer (m/f/d) Financial Market Data,Solactive AG,"Frankfurt am Main, Germany",https://stackoverflow.com/jobs/330714/Senior-Data-Engineer-(m/f/d)-Financial-Market-Data
DevOps Engineer,Enovational,"Washington, DC",https://stackoverflow.com/jobs/259871/DevOps-Engineer
Analista Programador C++,setesca,"Barcelona, Spain",https://stackoverflow.com/jobs/368522/Analista-Programador-C++
Full Stack Developer,Moonfare,"Berlin, Germany",https://stackoverflow.com/jobs/197332/Full-Stack-Developer
Software Engineer,SG Digital,"Bristol, UK",https://stackoverflow.com/jobs/292185/Software-Engineer
Senior UI Engineer,Toggle,"London, UK",https://stackoverflow.com/jobs/308074/Senior-UI-Engineer
Programador / Data Analyst Python - IFEMA,Vipirsa,"Madrid, Spain",https://stackoverflow.com/jobs/368496/Programador-/-Data-Analyst-Python---IFEMA
Data Scientist,Rubix,"'s-Hertogenbosch, Netherlands",https://stackoverflow.com/jobs/330682/Data-Scientist
Python Developer,YouGov,No office location,https://stackoverflow.com/jobs/330681/Python-Developer
Systems Engineer,CoverMyMeds,"Columbus, OH",https://stackoverflow.com/jobs/330673/Systems-Engineer
"Staff Engineer Full Stack (TypeScript, Angular, Java, Spring) (f/m/d)",NavVis GmbH,"München, Germany","https://stackoverflow.com/jobs/308056/Staff-Engineer-Full-Stack-(TypeScript,-Angular,-Java,-Spring)-(f/m/d)"
Senior C++ Software Engineer - help us to drive global virtualization!,ActiveVideo,"Hilversum, Netherlands",https://stackoverflow.com/jobs/204646/Senior-C++-Software-Engineer---help-us-to-drive-global-virtualization!
DevOps  Engineer,Raytheon UK,"Salford, UK",https://stackoverflow.com/jobs/330643/DevOps--Engineer
Siri - Full Stack Web Application Developer (Part Time),Apple,"Cambridge, UK",https://stackoverflow.com/jobs/368450/Siri---Full-Stack-Web-Application-Developer-(Part-Time)
Software Architekt,Paessler AG,"Nürnberg, Deutschland",https://stackoverflow.com/jobs/308048/Software-Architekt
Softwareentwickler Python,Paessler AG,"Nürnberg, Deutschland",https://stackoverflow.com/jobs/308039/Softwareentwickler-Python
"Senior Data Scientist, Maps Metrics",Apple,"Cupertino, CA","https://stackoverflow.com/jobs/358497/Senior-Data-Scientist,-Maps-Metrics"
Health Software Automation Engineer,Apple,"Cupertino, CA",https://stackoverflow.com/jobs/333930/Health-Software-Automation-Engineer
CoreOS Platform Enablement Engineer,Apple,"Cupertino, CA",https://stackoverflow.com/jobs/354960/CoreOS-Platform-Enablement-Engineer
"Site Reliability Engineer, Postgres SRE",Apple,"Cupertino, CA","https://stackoverflow.com/jobs/354956/Site-Reliability-Engineer,-Postgres-SRE"
"Research Scientist, Health AI",Apple,"Seattle, WA","https://stackoverflow.com/jobs/368477/Research-Scientist,-Health-AI"
QA Manager - Installation & Setup,Apple,"Cupertino, CA",https://stackoverflow.com/jobs/364086/QA-Manager---Installation-&-Setup
Siri - Machine Learning Engineer,Apple,"Seattle, WA",https://stackoverflow.com/jobs/344919/Siri---Machine-Learning-Engineer
Software Engineer in Test - Apple Cloud,Apple,"Cupertino, CA",https://stackoverflow.com/jobs/368473/Software-Engineer-in-Test---Apple-Cloud
Database Engineer,Apple,"Cupertino, CA",https://stackoverflow.com/jobs/368469/Database-Engineer
Fonts QA & Automation Engineer,Apple,"Cupertino, CA",https://stackoverflow.com/jobs/368462/Fonts-QA-&-Automation-Engineer
Software Engineer in Test - Apple Cloud,Apple,"Cupertino, CA",https://stackoverflow.com/jobs/368461/Software-Engineer-in-Test---Apple-Cloud
"Research/Machine Learning Engineer, Apple Media Products Analytics",Apple,"Cupertino, CA","https://stackoverflow.com/jobs/368460/Research/Machine-Learning-Engineer,-Apple-Media-Products-Analytics"
Data Engineer,Apple,"Cupertino, CA",https://stackoverflow.com/jobs/368459/Data-Engineer
Siri - ML Engineer - Data Organization,Apple,"Cupertino, CA",https://stackoverflow.com/jobs/311663/Siri---ML-Engineer---Data-Organization
Client Automation Engineer,Apple,"Cupertino, CA",https://stackoverflow.com/jobs/368453/Client-Automation-Engineer
Retail Engineering Manager - Edge Retail,Apple,"Sacramento, CA",https://stackoverflow.com/jobs/354974/Retail-Engineering-Manager---Edge-Retail
"Senior Applied Research Scientist- Recommendation, Apple Media Products",Apple,Singapore,"https://stackoverflow.com/jobs/368452/Senior-Applied-Research-Scientist--Recommendation,-Apple-Media-Products"
Siri - Software Development Engineer in Test(Search),Apple,"Elk Grove, CA",https://stackoverflow.com/jobs/361301/Siri---Software-Development-Engineer-in-Test(Search)
Storage Engineer,Apple,"Munich, Germany",https://stackoverflow.com/jobs/368451/Storage-Engineer
Computer Vision Machine Learning DNN Research Engineer - Imaging & Sensing Technology Group,Apple,"Herzliya, Israel",https://stackoverflow.com/jobs/368449/Computer-Vision-Machine-Learning-DNN-Research-Engineer---Imaging-&-Sensing-Technology-Group
"Siri - Software Engineer in Data (Scala, Spark, Statistics)",Apple,"Cambridge, UK","https://stackoverflow.com/jobs/278441/Siri---Software-Engineer-in-Data-(Scala,-Spark,-Statistics)"
Apple Cloud Infrastructure - Site Reliability Engineer,Apple,"London, UK",https://stackoverflow.com/jobs/368447/Apple-Cloud-Infrastructure---Site-Reliability-Engineer
"Site Reliability Engineer, Postgres SRE",Apple,"Cupertino, CA","https://stackoverflow.com/jobs/366649/Site-Reliability-Engineer,-Postgres-SRE"
SW Storage Validation Engineer,Apple,"Haifa, Israel",https://stackoverflow.com/jobs/368446/SW-Storage-Validation-Engineer
SW Storage Validation Engineer,Apple,"Herzliya, Israel",https://stackoverflow.com/jobs/368445/SW-Storage-Validation-Engineer
Senior RT SW Engineer - WiFi MAC,Apple,"Herzliya, Israel",https://stackoverflow.com/jobs/353148/Senior-RT-SW-Engineer---WiFi-MAC
Firmware Integrity Engineer,Apple,"Cupertino, CA",https://stackoverflow.com/jobs/368444/Firmware-Integrity-Engineer
"Sr. Software Engineer, iWork",Apple,"Cupertino, CA","https://stackoverflow.com/jobs/368443/Sr.-Software-Engineer,-iWork"
"iOS/watchOS Carrier Settings Engineer, WTE",Apple,"Cupertino, CA","https://stackoverflow.com/jobs/344899/iOS/watchOS-Carrier-Settings-Engineer,-WTE"
iOS QA Engineer,Apple,"Cupertino, CA",https://stackoverflow.com/jobs/364714/iOS-QA-Engineer
"Software Engineer, Infrastructure Engineering",Apple,"Cupertino, CA","https://stackoverflow.com/jobs/368437/Software-Engineer,-Infrastructure-Engineering"
"Senior Software Engineer, Telemetry Services",Apple,"Cupertino, CA","https://stackoverflow.com/jobs/360735/Senior-Software-Engineer,-Telemetry-Services"
Health Software Performance Test Engineer,Apple,"Cupertino, CA",https://stackoverflow.com/jobs/342242/Health-Software-Performance-Test-Engineer
"Video Product Data Scientist, Apple Media Products",Apple,"Cupertino, CA","https://stackoverflow.com/jobs/360733/Video-Product-Data-Scientist,-Apple-Media-Products"
Software Engineer in Test - Apple Cloud,Apple,"Cupertino, CA",https://stackoverflow.com/jobs/368432/Software-Engineer-in-Test---Apple-Cloud
Machine Learning Engineer,Apple,"Austin, TX",https://stackoverflow.com/jobs/368429/Machine-Learning-Engineer
Siri - Software Engineer,Apple,"Cupertino, CA",https://stackoverflow.com/jobs/360170/Siri---Software-Engineer
Machine Learning Engineer,Apple,"Cupertino, CA",https://stackoverflow.com/jobs/333296/Machine-Learning-Engineer
iOS Baseband Automation Engineer,Apple,"Cupertino, CA",https://stackoverflow.com/jobs/330655/iOS-Baseband-Automation-Engineer
AI Research Internship,Apple,"Seattle, WA",https://stackoverflow.com/jobs/368427/AI-Research-Internship
Senior Software Tools Backend Engineer,Apple,"Cupertino, CA",https://stackoverflow.com/jobs/368426/Senior-Software-Tools-Backend-Engineer
Quality Engineering,Apple,"Cupertino, CA",https://stackoverflow.com/jobs/368421/Quality-Engineering
Senior DevOps Engineer - Big Data Platform,Apple,"Cupertino, CA",https://stackoverflow.com/jobs/368420/Senior-DevOps-Engineer---Big-Data-Platform
Application Support Engineer,Apple,"Austin, TX",https://stackoverflow.com/jobs/368416/Application-Support-Engineer
Software Quality Engineer Lead,Apple,"Cupertino, CA",https://stackoverflow.com/jobs/368411/Software-Quality-Engineer-Lead
Data Engineer,Apple,"Dallas, TX",https://stackoverflow.com/jobs/347540/Data-Engineer
Senior Software Engineer in Big Data,Lynx Analytics,Singapore,https://stackoverflow.com/jobs/368409/Senior-Software-Engineer-in-Big-Data
Python Developer,Seen by Indeed,"Austin, TX",https://www.indeed.com/viewjob?jk=99345ff090923ecd
Embedded Software Test Engineer,Star Lab Corp.,"Huntsville, AL",https://www.indeed.com/viewjob?jk=9c2ff55a37745c2e
Navigation Engineer - Inertial Sensors,"SignalQuest, LLC","Lebanon, NH",https://www.indeed.com/viewjob?jk=dd441a386bca21e7
SOFTWARE DEVELOPMENT INSTRUCTOR (Salaried),Ogden-Weber Technical College,"Ogden, UT",https://www.indeed.com/viewjob?jk=30d6839c445014ae
Python Developer,Deemsys,"Columbus, OH",https://www.indeed.com/viewjob?jk=d4cd484eae7dcb3a
Data Scientist/Analyst,Tsunami Tsolutions,"Glastonbury, CT",https://www.indeed.com/viewjob?jk=e38074a3e2f2f18a
Python Scripting and Tool Development Online Instructor,The Los Angeles Film School,"Winter Park, FL",https://www.indeed.com/viewjob?jk=84c5b3602e97e05a
Red Team Junior Penetration Tester,Freddie Mac,"McLean, VA",https://www.indeed.com/viewjob?jk=4fd900bdbf2086af
IT positions for those looking for H1 Sponsorship - must be present in US,Digital iTechnology,"Round Rock, TX",https://www.indeed.com/viewjob?jk=1a3105535d576d93
"26 Technical Internships -- Manassas, VA",SWIFT,"Manassas, VA",https://www.indeed.com/viewjob?jk=39939650b80cefd5
Data Scientist - Entry Level,Pathrise,Remote,https://www.indeed.com/viewjob?jk=602196c5ea2f32da
"Jr. Back-end Developer, Python",Boxy Charm,"Pembroke Pines, FL",https://www.indeed.com/viewjob?jk=983a9a109d1bc8ae
Senior Full Stack Developer,Cloud Haven Solutions,Remote,https://www.indeed.com/viewjob?jk=986340cf978d594a
"Software Developer, Applications",Altek,"Ashburn, VA",https://www.indeed.com/viewjob?jk=3031e34847693022
Python Scripting-Lead,Wipro LTD,"Richmond, VA",https://www.indeed.com/viewjob?jk=92333fd745dc34b8
Entry Level Engineers: Interns & Full-Time Hires,"Axiom Space, Inc.","Houston, TX",https://www.indeed.com/viewjob?jk=491d08cb9229a4d4
Python Developer Associate,Technology Ventures,"McLean, VA",https://www.indeed.com/viewjob?jk=a34edfcb5ae67626
Jr Python developer,Ace-stack LLC,"Houston, TX",https://www.indeed.com/viewjob?jk=9549af22891fa8a1
Python Developer,Akra Tech,Remote,https://www.indeed.com/viewjob?jk=b4746b42ba857a6b
Python Backend Developer,Lotus systems,"Bentonville, AR",https://www.indeed.com/viewjob?jk=2b07393ea05f5a8a
Entry Level Data Analyst,Hopjump,"Boston, MA",https://www.indeed.com/viewjob?jk=2532431132ffbda1
Python Developer,INSIGMA INC,"Winchester, CA",https://www.indeed.com/viewjob?jk=f9143b59bfbc7198
Python Programmer,Monash University,"San Francisco, CA",https://www.indeed.com/viewjob?jk=055ce320d6850bdc
Python Developer,Aethon Labs,"San Francisco Bay Area, CA",https://www.indeed.com/viewjob?jk=33f3e80e2005ccde
Python Engineer (All Levels),LeanTaaS,"Santa Clara, CA",https://www.indeed.com/viewjob?jk=f19a09acc58559e2
Sr. Python Engineer,Capital One - US,"Richmond, VA",https://www.indeed.com/viewjob?jk=036a066a98fc3136
Python/Django Developer,DataAxxis,"Orlando, FL",https://www.indeed.com/viewjob?jk=92bf58933e59632d
Python Developer,Lava Tech Services,"Chevy Chase, MD",https://www.indeed.com/viewjob?jk=0e790fa8baf55395
DJANGO - PYTHON DEVELOPER,IBL Education,"New York, NY",https://www.indeed.com/viewjob?jk=17a0c1e79eb289a8
Player Development Coach,Detroit Tigers,"Lakeland, FL",https://www.indeed.com/viewjob?jk=9686dad201d15f1e
Product Engineer,Instapath Inc.,"Houston, TX",https://www.indeed.com/viewjob?jk=0c95334373c19d7c
Sr. Python Developer,ConglomerateIT LLC,"McLean, VA",https://www.indeed.com/viewjob?jk=3b7a1ed95e84952e
Customer Success Solutions Architect - DevOps SaaS,Global DevOps Continuous Testing Company,Remote,https://www.indeed.com/viewjob?jk=f13a7c8ed94626c0
Python Developer,Genscape,"New York, NY",https://www.indeed.com/viewjob?jk=598fa1a6e8dfddbd
Python Developer,Ettain Group,"Houston, TX",https://www.indeed.com/viewjob?jk=e1289f591236c179
Junior Python Developer,INTELLECTYX DATA SCIENCE INDIA,"Junior, WV",https://www.indeed.com/viewjob?jk=726eeee7424a87dc
Python Developer,Schrödinger,"New York, NY",https://www.indeed.com/viewjob?jk=3488965b61f80838
Python Developer,Sreyo Inc,"Morrisville, NC",https://www.indeed.com/viewjob?jk=df9b06ae15f40143
Jr-Mid Python Developer,Vanjure,"Sterling, VA",https://www.indeed.com/viewjob?jk=ffcb657b894dc00f
Software Engineer - Python / Django - Telecommute,"Ellumen, Inc","Opportunity, WA",https://www.indeed.com/viewjob?jk=57c1bd844d7ce0d1
Python Developer,Eateam,"Jersey City, NJ",https://www.indeed.com/viewjob?jk=1105f26dd526c75e
AEM QA,United Consulting LLC,"San Jose, CA",https://www.indeed.com/viewjob?jk=fa06b850e54e6922
NGS Data Scientist/Python Developer,"Miltenyi Biotec, Inc.","Waltham, MA",https://www.indeed.com/viewjob?jk=0c8ed65974232c2d
Python Developer,Cogent Infotech,"Englewood, CO",https://www.indeed.com/viewjob?jk=64ce5ada8ddfb8d2
Python Developer,rpo international,"Houston, TX",https://www.indeed.com/viewjob?jk=a4cb25e7f731ef9f
Python Developer,Horizon Corp,"Pennington, NJ",https://www.indeed.com/viewjob?jk=804559c8f8e947b1
Content Contributor: Python and Flask,Codecademy,Remote,https://www.indeed.com/viewjob?jk=eeeeaca1d923b164
Python Developer,Region Technologies Inc,"Phoenix, AZ",https://www.indeed.com/viewjob?jk=c508c732c4cbc096
Python Developer,Pricesenz,"Minneapolis, MN",https://www.indeed.com/viewjob?jk=fe090482b2f83eb0
Python Developer,Elite IT Professionals,"Norwalk, CT",https://www.indeed.com/viewjob?jk=07207a79748c8983
Software Engineer - Python/Django (Remote),drchrono,Remote,https://www.indeed.com/viewjob?jk=c1ec2e8c70f040ba
Software Engineer (Python/Django),Republican National Committee,"Washington, DC",https://www.indeed.com/viewjob?jk=0f1af9f6fdcc27ca
Python Developer,Ace-stack LLC,"Columbus, OH",https://www.indeed.com/viewjob?jk=fe04ed3a955d69c0
Python Developer Intern,OXO Solutions,"Ruby, SC",https://www.indeed.com/viewjob?jk=84a541c104b5b24c
Python Developer,EPAM Systems,"Chattanooga, TN",https://www.indeed.com/viewjob?jk=0fb220a76d246842
Python Systems Developer - Ansible,"Computer Enterprises, Inc.","Philadelphia, PA",https://www.indeed.com/viewjob?jk=716608c60adc126d
Python Developer,"PRIMUS Global Services, Inc","Los Angeles, CA",https://www.indeed.com/viewjob?jk=1178f21f5fd49f84
Python Developer,ProSearch Nasscomm,"Bloomington, MN",https://www.indeed.com/viewjob?jk=529b54c807a6aa2f
Python Developer Professional,Technology Ventures,"McLean, VA",https://www.indeed.com/viewjob?jk=fbcf6f7e01c20e2d
SOFTWARE DEVELOPMENT INSTRUCTOR (Salaried),Ogden-Weber Technical College,"Ogden, UT",https://www.indeed.com/viewjob?jk=30d6839c445014ae
Python Developer,Seen by Indeed,"Austin, TX",https://www.indeed.com/viewjob?jk=99345ff090923ecd
Embedded Software Test Engineer,Star Lab Corp.,"Huntsville, AL",https://www.indeed.com/viewjob?jk=9c2ff55a37745c2e
Data Scientist/Analyst,Tsunami Tsolutions,"Glastonbury, CT",https://www.indeed.com/viewjob?jk=e38074a3e2f2f18a
Python Scripting and Tool Development Online Instructor,The Los Angeles Film School,"Winter Park, FL",https://www.indeed.com/viewjob?jk=84c5b3602e97e05a
INTERESTED TO LEARN PYTHON ? ENROLL NOW...,ADD ON TECHNOLOGY,"Novi, MI",https://www.indeed.com/viewjob?jk=55af7958b28ebc9a
Python Developer,rpo international,"Houston, TX",https://www.indeed.com/viewjob?jk=a4cb25e7f731ef9f
Pentester,Complete IT Services,"Tampa, FL",https://www.indeed.com/viewjob?jk=104fc8a1b85daa0c
NGS Data Scientist/Python Developer,"Miltenyi Biotec, Inc.","Waltham, MA",https://www.indeed.com/viewjob?jk=0c8ed65974232c2d
Python Developer,Nasscomm,"Bloomington, MN",https://www.indeed.com/viewjob?jk=63f6365a574c6f89
Python Developer,SQAIT INC,"McLean, VA",https://www.indeed.com/viewjob?jk=5333e5a5a6432dc0
Python Developer,Direct Client,"Cupertino, CA",https://www.indeed.com/viewjob?jk=d354751ad44c4297
Python Developer,CA-One Tech Cloud Inc,"Sunnyvale, CA",https://www.indeed.com/viewjob?jk=df98f21485c8508d
Groovy/Python Developer with DeveOps Experience,Macvaar.inc,"McLean, VA",https://www.indeed.com/viewjob?jk=77284764637ecd0f
Python Developer,ProSearch Nasscomm,"Bloomington, MN",https://www.indeed.com/viewjob?jk=529b54c807a6aa2f
Python Developer,"PRIMUS Global Services, Inc","Los Angeles, CA",https://www.indeed.com/viewjob?jk=1178f21f5fd49f84
Network Engineer - Python,"Computer Enterprises, Inc.","Philadelphia, PA",https://www.indeed.com/viewjob?jk=9ce07ce1f32b2339
Python Developer,Deemsys,"Columbus, OH",https://www.indeed.com/viewjob?jk=d4cd484eae7dcb3a
Jr. Python Developer,Expedite Technologies Solutions,"Plano, TX",https://www.indeed.com/viewjob?jk=6830ec3e6d024964
IT-Specialist,Surgical Science Sweden AB,United States,https://www.indeed.com/viewjob?jk=a56e7134dae58bf2
Data Scientist,Mars,United States,https://www.indeed.com/viewjob?jk=d83ab7918f655fe2
VICE PRESIDENT OF TECHNOLOGY,IXIS,"Burlington, VT",https://www.indeed.com/viewjob?jk=df4be5d8ea7d196e
Python Developer,Disys,"Baltimore, MD",https://www.indeed.com/viewjob?jk=858a2218b3fe5185
Software Engineer (Python/Django),Republican National Committee,"Washington, DC",https://www.indeed.com/viewjob?jk=0f1af9f6fdcc27ca
CTO and Cofounder at Fintech Startup,HS Technologies,"New York, NY",https://www.indeed.com/viewjob?jk=7b33b44d659c2238
Data Engineer,Pacific Life,"Lynchburg, VA",https://www.indeed.com/viewjob?jk=4ab0d81a59d8ba22
Python Developer Professional,Technology Ventures,"McLean, VA",https://www.indeed.com/viewjob?jk=fbcf6f7e01c20e2d
Entry Level Analyst,Black Knight Technology Inc.,"Dahlgren, VA",https://www.indeed.com/viewjob?jk=6cca914914a58108
Associate Computational Linguist,Clarabridge,"Reston, VA",https://www.indeed.com/viewjob?jk=8cb0b90bd352c31c
Technical Intelligence Internship - Summer 2020,"FireEye, Inc.","Reston, VA",https://www.indeed.com/viewjob?jk=c7967a0fd5085e77
Tableau Developer,radgov,"Research Triangle Park, NC",https://www.indeed.com/viewjob?jk=1e9efe1c221b136f
Python Developer,Unitas Global,Remote,https://www.indeed.com/viewjob?jk=0e02e85509da4022
Data Center Technician,"Amazon Data Services, Inc.","Chantilly, VA",https://www.indeed.com/viewjob?jk=847657fba3a97306
"Data Engineer (Python, All Levels) - Charlotte",LeanTaaS,"Charlotte, NC",https://www.indeed.com/viewjob?jk=4d5f0e4808f339e4
Python Developer,"Simplex info systems inc.,","Atlanta, GA",https://www.indeed.com/viewjob?jk=5e197bf9a8478ba7
Python Developer,Rural Sourcing Inc.,"Fort Wayne, IN",https://www.indeed.com/viewjob?jk=865cf05cdac1f3b9
Python Developer,V Projects,"Sunnyvale, CA",https://www.indeed.com/viewjob?jk=9fa1dc75ead6e641
APIGEE Consultant,DISYS,"Durham, NC",https://www.indeed.com/viewjob?jk=f35fb02297ee8aca
Entry Level positions(Fresh Graduates),Codersdata,"New York, NY",https://www.indeed.com/viewjob?jk=ba985e3fa2d2f76d
Software Developer,"Antra, Inc","Sterling, VA",https://www.indeed.com/viewjob?jk=89a883ff474a3694
Robotics,CCAM,"Disputanta, VA",https://www.indeed.com/viewjob?jk=9369b3e5ec47ea1e
Python Scripting-Test,Wipro LTD,"Sunrise, FL",https://www.indeed.com/viewjob?jk=40f6d4f60a001cf0
Python Developer,EPAM Systems,"Chattanooga, TN",https://www.indeed.com/viewjob?jk=0fb220a76d246842
Python Developer,CAMERON BELL CORP,"San Diego, CA",https://www.indeed.com/viewjob?jk=adb3d3b4e7d6e299
Python Developer,AMERICAN IT SOLUTIONS INC,"Jacksonville, FL",https://www.indeed.com/viewjob?jk=3a007589d7d204c7
Open-Source Kubernetes Software Engineer,Weaveworks,Remote,https://www.indeed.com/viewjob?jk=f9035bda18c473ea
Data Scientist (All Levels) - Charlotte,LeanTaaS,"Charlotte, NC",https://www.indeed.com/viewjob?jk=ed9c9715efc9574b
Raytheon is looking for Sensor experience!,Raytheon,United States,https://www.indeed.com/viewjob?jk=6d8f018032ccda51
Python Developer - Shotgun,Rockstar New York,"New York, NY",https://www.indeed.com/viewjob?jk=5355581bcd3821ac
Mechanical Engineer,Schlumberger,"Rosharon, TX",https://www.indeed.com/viewjob?jk=215adecc6659f75b
Software Engineer - Python/Django (Remote),drchrono,Remote,https://www.indeed.com/viewjob?jk=c1ec2e8c70f040ba
Data Scientist (Python),Applied Memetics LLC,Remote,https://www.indeed.com/viewjob?jk=0f16c57e35f21a63
Python Developer,Tanisha Systems,"Dallas, TX",https://www.indeed.com/viewjob?jk=888e171263f40b54
Entry level Data Analyst,Codersdata,"Cheyenne, WY",https://www.indeed.com/viewjob?jk=7cc2f0a82d9c2cfe
"Full Stack Developer – Node.js, JavaScript, PHP, Python, Git, Jenkins","PRIMUS Global Services, Inc","Herndon, VA",https://www.indeed.com/viewjob?jk=27aa6fdd75c1e39e
Navigation Engineer - Inertial Sensors,"SignalQuest, LLC","Lebanon, NH",https://www.indeed.com/viewjob?jk=dd441a386bca21e7
Red Team Junior Penetration Tester,Freddie Mac,"McLean, VA",https://www.indeed.com/viewjob?jk=4fd900bdbf2086af
IT positions for those looking for H1 Sponsorship - must be present in US,Digital iTechnology,"Round Rock, TX",https://www.indeed.com/viewjob?jk=1a3105535d576d93
Python Developer,Deemsys,"Columbus, OH",https://www.indeed.com/viewjob?jk=d4cd484eae7dcb3a
Python Developer,Seen by Indeed,"Austin, TX",https://www.indeed.com/viewjob?jk=99345ff090923ecd
Navigation Engineer - Inertial Sensors,"SignalQuest, LLC","Lebanon, NH",https://www.indeed.com/viewjob?jk=dd441a386bca21e7
Embedded Software Test Engineer,Star Lab Corp.,"Huntsville, AL",https://www.indeed.com/viewjob?jk=9c2ff55a37745c2e
SOFTWARE DEVELOPMENT INSTRUCTOR (Salaried),Ogden-Weber Technical College,"Ogden, UT",https://www.indeed.com/viewjob?jk=30d6839c445014ae
Python Developer,Deemsys,"Columbus, OH",https://www.indeed.com/viewjob?jk=d4cd484eae7dcb3a
Data Scientist/Analyst,Tsunami Tsolutions,"Glastonbury, CT",https://www.indeed.com/viewjob?jk=e38074a3e2f2f18a
Python Scripting and Tool Development Online Instructor,The Los Angeles Film School,"Winter Park, FL",https://www.indeed.com/viewjob?jk=84c5b3602e97e05a
Red Team Junior Penetration Tester,Freddie Mac,"McLean, VA",https://www.indeed.com/viewjob?jk=4fd900bdbf2086af
IT positions for those looking for H1 Sponsorship - must be present in US,Digital iTechnology,"Round Rock, TX",https://www.indeed.com/viewjob?jk=1a3105535d576d93
Software Engineer II (Remote),Property Meld,United States,https://www.indeed.com/viewjob?jk=47de0964f0ee8b35
DevOps Developer (Telephone +In Person Interview Mandatory),Hallmark Global Technologies,"Reston, VA",https://www.indeed.com/viewjob?jk=f79c7052efc13335
Jr. Full Stack Python Developer,RIP Medical Debt,"New York, NY",https://www.indeed.com/viewjob?jk=7c3248901c943599
CPS Developer Intern,Raytheon,"Dulles, VA",https://www.indeed.com/viewjob?jk=757d983b620a855f
Python Developer,3i Infotech,"Atlanta, GA",https://www.indeed.com/viewjob?jk=519e261a88098386
Software Engineer (Python),Core Wellness,"San Francisco, CA",https://www.indeed.com/viewjob?jk=bd7d70592f5067f9
Python Developer,Haneke Design,"Tampa, FL",https://www.indeed.com/viewjob?jk=542b21736b6bca61
Silicon Valley Next Talent Rotational Program - 2020,SAP,"Palo Alto, CA",https://www.indeed.com/viewjob?jk=975a062e28c597c8
Python Developer,Cyber Chasse,United States,https://www.indeed.com/viewjob?jk=c8aaa182fdba1cdb
DevOps Engineer/PM/Sales US Citizen Green Card NOT H1B,"The Software Revolution, Inc.","Kirkland, WA",https://www.indeed.com/viewjob?jk=5c28dffe8b2f6a7a
Power BI Consultant,Lingaro Group,United States,https://www.indeed.com/viewjob?jk=e60ce0ce90fe371d
Python Developer,Indus Group,United States,https://www.indeed.com/viewjob?jk=67008ecde32d356f
Software Engineer (Python),imgix,"San Francisco, CA",https://www.indeed.com/viewjob?jk=928d83d4dbd0892f
Web Developer,Frontdesk,Remote,https://www.indeed.com/viewjob?jk=789a08b6e2ffd894
Python Developer,Sara Technologies,United States,https://www.indeed.com/viewjob?jk=07cc59a85ae4d228
Python Developer,Stratacent,"Pennsylvania, AL",https://www.indeed.com/viewjob?jk=8e572030b33aed1c
Predictive & Inferential Analyst,Texas Health Resources,"Arlington, TX",https://www.indeed.com/viewjob?jk=2b5bd09b1e579902
Python Developer,Callsign Media,"Las Vegas, NV",https://www.indeed.com/viewjob?jk=345e22ca6e583be5
Python Developer,Highbrow Technologies,"Bellevue, WA",https://www.indeed.com/viewjob?jk=70912d7ae92ee088
Python/Hadoop,Cox IT Global LLC,"Quincy, MA",https://www.indeed.com/viewjob?jk=69583a9ace7104f3
Python Software Engineer,BlindData,"New York, NY",https://www.indeed.com/viewjob?jk=af4486f116dd6bb5
Software Engineer - Python,Capgemini,"New York, NY",https://www.indeed.com/viewjob?jk=ae6ada0d550826c0
Python Developer,Capco,"Houston, TX",https://www.indeed.com/viewjob?jk=df4a235ce24d6f1c
Software Engineer,Administrate,Remote,https://www.indeed.com/viewjob?jk=6134b18bb0a69137
Junior Data Analyst/Data Scientist,Numero data LLC,"Herndon, VA",https://www.indeed.com/viewjob?jk=3fe00caddf3883b4
Splunk Engineer,Zachary Piper Solutions,"Fairfax, VA",https://www.indeed.com/viewjob?jk=d60391f32fd0d690
Python Developer,Iris Software,"Roseville, MN",https://www.indeed.com/viewjob?jk=fdda2657470dcddb
Python Developer,INCEDO,"Foster City, CA",https://www.indeed.com/viewjob?jk=2999e30dcdb3b23b
"Systems Administrator (Remote, United States)","Gaggle Net, Inc.",Remote,https://www.indeed.com/viewjob?jk=090c0b58caa4733f
Desarrollador Fullstack Phyton,Hireline,Remote,https://www.indeed.com/viewjob?jk=61b530b583bcab9e
People Analytics Intern,United Airlines Inc.,United States,https://www.indeed.com/viewjob?jk=5470c2cb970db962
SOFTWARE DEVELOPER (TEST),KOCH ENGINEERED SOLUTIONS,United States,https://www.indeed.com/viewjob?jk=31e39c9f08b555fb
Intern Data Science-1,Warner Bros. Entertainment Group,"Burbank, CA",https://www.indeed.com/viewjob?jk=9823e006ecd38a40
Python Developer,Wework Solutions Inc,"Miami, FL",https://www.indeed.com/viewjob?jk=f1328952bf828081
Full-Stack Python Developer,"K2Share, LLC",Remote,https://www.indeed.com/viewjob?jk=050adada592c5d9c
Need Python Developer,Talentminds,"Plano, TX",https://www.indeed.com/viewjob?jk=c2dd4b5a7e819283
Python Software Engineers (Hiring at various levels),Capital One - US,"Vienna, VA",https://www.indeed.com/viewjob?jk=6470a45f0d3c5b36
Python / Kubernetes Developer,Applied Memetics LLC,Remote,https://www.indeed.com/viewjob?jk=89778fe6b27a642d
Coordinator with Python Knowledge,CA-One Tech Cloud Inc,"Sunnyvale, CA",https://www.indeed.com/viewjob?jk=7c74f6bdd1957e15
Python Application Engineer,Deluxe Entertainment,"Los Angeles, CA",https://www.indeed.com/viewjob?jk=8c06c0842c533584
Neuroscience Research Assistant,BrainCo. Inc,"Somerville, MA",https://www.indeed.com/viewjob?jk=422fda5416fd086d
Data Analyst- Remote,MoxieLash,California,https://www.indeed.com/viewjob?jk=b1817eab9062892a
Developer - Python Django,Energy Sense Finance,"Tampa, FL",https://www.indeed.com/viewjob?jk=213f60ab30d8eece
Data Scientist/Python Developer,"i5 Talent, Inc.","Jersey City, NJ",https://www.indeed.com/viewjob?jk=0a65ebe73226d443
Python Developer,WILLSMARG TECHNOLOGIES LLC,"Los Altos, CA",https://www.indeed.com/viewjob?jk=60f4675b681c782e
Senior Analyst – Financial Crime Compliance Data Analytics,Treliant LLC,Remote,https://www.indeed.com/viewjob?jk=247d313d852e93cf
"Business Analyst Rotation Program - Richmond, Va",CarMax,"Richmond, VA",https://www.indeed.com/viewjob?jk=90cafd9deffe557e
Junior Python Developer,BCG,"Edison, NJ",https://www.indeed.com/viewjob?jk=49183de42bf0cc1e
Verification Design Engineer,Cyient,Remote,https://www.indeed.com/viewjob?jk=5359e3c11b2f3581
"Research Analyst I, II, III",Chico State Enterprises,"Chico, CA",https://www.indeed.com/viewjob?jk=3903117c64dac612
Python Developer,Seen by Indeed,"Austin, TX",https://www.indeed.com/viewjob?jk=99345ff090923ecd
Embedded Software Test Engineer,Star Lab Corp.,"Huntsville, AL",https://www.indeed.com/viewjob?jk=9c2ff55a37745c2e
Navigation Engineer - Inertial Sensors,"SignalQuest, LLC","Lebanon, NH",https://www.indeed.com/viewjob?jk=dd441a386bca21e7
SOFTWARE DEVELOPMENT INSTRUCTOR (Salaried),Ogden-Weber Technical College,"Ogden, UT",https://www.indeed.com/viewjob?jk=30d6839c445014ae
Python Developer,Deemsys,"Columbus, OH",https://www.indeed.com/viewjob?jk=d4cd484eae7dcb3a
Data Scientist/Analyst,Tsunami Tsolutions,"Glastonbury, CT",https://www.indeed.com/viewjob?jk=e38074a3e2f2f18a
Python Scripting and Tool Development Online Instructor,The Los Angeles Film School,"Winter Park, FL",https://www.indeed.com/viewjob?jk=84c5b3602e97e05a
Red Team Junior Penetration Tester,Freddie Mac,"McLean, VA",https://www.indeed.com/viewjob?jk=4fd900bdbf2086af
IT positions for those looking for H1 Sponsorship - must be present in US,Digital iTechnology,"Round Rock, TX",https://www.indeed.com/viewjob?jk=1a3105535d576d93
Desarrollador Fullstack Phyton,Hireline,Remote,https://www.indeed.com/viewjob?jk=61b530b583bcab9e
Entry Level - Software Developer,Smoothstack Inc,"Fairfax, VA",https://www.indeed.com/viewjob?jk=e49f6527e777a4a3
Research Scientist,LOCKHEED MARTIN CORPORATION,"Billerica, MA",https://www.indeed.com/viewjob?jk=c933f49164b051f9
CPS Developer Intern,Raytheon,"Dulles, VA",https://www.indeed.com/viewjob?jk=757d983b620a855f
Junior Programmer,Infodatix,"Provo, UT",https://www.indeed.com/viewjob?jk=d4756839748d9bf5
Data Engineer - CI/CD ( GC holder or US citizen),CLS Bank International,"Ashburn, VA",https://www.indeed.com/viewjob?jk=98329bcbf671e40a
Software Engineer (Python),Core Wellness,"San Francisco, CA",https://www.indeed.com/viewjob?jk=bd7d70592f5067f9
python developer (w2 only),infolob,"McLean, VA",https://www.indeed.com/viewjob?jk=a45f9aa12d308d44
Python Developer,INCEDO,"Foster City, CA",https://www.indeed.com/viewjob?jk=2999e30dcdb3b23b
Senior Python Developer,Upsg,"Westborough, MA",https://www.indeed.com/viewjob?jk=34284a35703478e1
Jira Admin with GIT Prime,"RICEFW Technologies, inc","Dallas, TX",https://www.indeed.com/viewjob?jk=4d95392daf1acb14
"Data Scientist, Junior",Booz Allen Hamilton,"McLean, VA",https://www.indeed.com/viewjob?jk=8ba74c62b435f7ab
QA Engineer,Ziflow,United States,https://www.indeed.com/viewjob?jk=448e0c1d5e8f73b8
Full-Stack Python Developer,"K2Share, LLC",Remote,https://www.indeed.com/viewjob?jk=050adada592c5d9c
Predictive & Inferential Analyst,Texas Health Resources,"Arlington, TX",https://www.indeed.com/viewjob?jk=2b5bd09b1e579902
Postdoctoral Researcher - Image Analysis and Imaging,Visikol Inc.,"Hampton, NJ",https://www.indeed.com/viewjob?jk=c226718163d9e734
Quality Engineer,Key Bank- Corporate,"Brooklyn, OH",https://www.indeed.com/viewjob?jk=a7fb62e38ed3afe4
Python Developer,Evalueserve,"New York, NY",https://www.indeed.com/viewjob?jk=01bec8624bd7aa16
Enterprise Architect,United Consulting LLC,"New York, NY",https://www.indeed.com/viewjob?jk=61198876689cde9f
Junior Software Developer,CACI,"Aberdeen Proving Ground, MD",https://www.indeed.com/viewjob?jk=61b604caf72cbe36
Python Network Developer,Pricesenz,"Denver, CO",https://www.indeed.com/viewjob?jk=347a822275b4bd62
Web Application Programmer-(Entry Level),Radent,"Tallahassee, FL",https://www.indeed.com/viewjob?jk=54bff924e60bf80b
Python Developer,Bank of America,"New York, NY",https://www.indeed.com/viewjob?jk=7df11adcf082a45b
"R & Python, Machine and Deep Learning Algorithms professional",AGUILASS,United States,https://www.indeed.com/viewjob?jk=e636682ce31db65f
Automation Engineer | Python API Testing | Micro services FTE,softech business,"San Jose, CA",https://www.indeed.com/viewjob?jk=4b2498f6c4974a09
People Analytics Intern,United Airlines Inc.,United States,https://www.indeed.com/viewjob?jk=5470c2cb970db962
Python Developer,IDC,"Green Bay, WI",https://www.indeed.com/viewjob?jk=a8c7e86962b8966c
Python with AWS,Node Digital,"Herndon, VA",https://www.indeed.com/viewjob?jk=15beae7ebf3a3523
William & Mary Data Analytics Intern,SAIC,"Reston, VA",https://www.indeed.com/viewjob?jk=a29932d11f105a1d
Data Scientist,suprasoft,"Kansas City, MO",https://www.indeed.com/viewjob?jk=5f7e59421f19c16c
Senior Python Developer,Schrödinger,"New York, NY",https://www.indeed.com/viewjob?jk=cdca1939ec61b75d
"Application Support Intern ( Java, .NET ,Python)",THEMESOFT,"Media, PA",https://www.indeed.com/viewjob?jk=031baadb6ac52970
SW Devel - Decision Support,Intel,"Phoenix, AZ",https://www.indeed.com/viewjob?jk=8c4ab89073c83d98
Python Data Engineer,Purity Technology,"Houston, TX",https://www.indeed.com/viewjob?jk=2a520565feafb284
React Software Engineer (Remote),O'Reilly Media,Remote,https://www.indeed.com/viewjob?jk=93c2783de57e61ef
Solution Architect,United Consulting LLC,"New York, NY",https://www.indeed.com/viewjob?jk=6cd90e0a31fcd8fa
Baseball Research and Development Analyst,Milwaukee Brewers,"Milwaukee, WI",https://www.indeed.com/viewjob?jk=d08dd3faa11c59dd
Software Developer,"Virtue Capital Management, LLC","Brentwood, TN",https://www.indeed.com/viewjob?jk=d8b2d3c7e2c093f1
Splunk Engineer,Zachary Piper Solutions,"Fairfax, VA",https://www.indeed.com/viewjob?jk=d60391f32fd0d690
Python-Developers,Celandyne Software Solutions,United States,https://www.indeed.com/viewjob?jk=e004e922fdd74fe6
"Manager, Information Technology",Pinellas County Government,"Clearwater, FL",https://www.indeed.com/viewjob?jk=cb3f54f6be32b367
Sr. Python Developer,Nextek Service Inc,"San Diego, CA",https://www.indeed.com/viewjob?jk=4e38e737b3c3596d
BI Developer,,"Harrisonburg, VA",https://www.indeed.com/viewjob?jk=15eacf4786351c45
Content Creator,LeetCode,Remote,https://www.indeed.com/viewjob?jk=e94af63cb41ad9b5
Junior Penetration Tester,Information and Infrastructure Technologies,"Arlington, VA",https://www.indeed.com/viewjob?jk=963fd6b46784e789
Senior Python Developer with AWS Textract,"Wisetek Providers, Inc.","New York, NY",https://www.indeed.com/viewjob?jk=74eb9eb45b993c4a
Python Developer,Solware IT tech,"Dallas, TX",https://www.indeed.com/viewjob?jk=59de4bded7c99497
Marine Mammal Research Associate,UC San Diego,"San Diego, CA",https://www.indeed.com/viewjob?jk=a77d13f03b03212a
Job Opportuinities for IT Professionals across USA,"Data Sys IT, Inc","Dallas, TX",https://www.indeed.com/viewjob?jk=a009162850392194
Mapping Annotation Operator,Toyota Research Institute,"Los Altos, CA",https://www.indeed.com/viewjob?jk=4f64572e396ca650
O365 Developer/Administrator,"Alleanza Services, LLC","Arlington, VA",https://www.indeed.com/viewjob?jk=2a0d363f4c47c3d2
IT Solution Technician,Los Angeles Unified School District,"Los Angeles, CA",https://www.indeed.com/viewjob?jk=b5a77c6db64bb0c7
GIS Analyst - Various Locations,"Timmons Group, Inc.","Richmond, VA",https://www.indeed.com/viewjob?jk=cfb3329f2f11d358
Application Developer Apprentice,IBM,West Virginia,https://www.indeed.com/viewjob?jk=ce4b0c624d15ab99
Senior Python/Django Developer,Driven Solutions,"Miami, FL",https://www.indeed.com/viewjob?jk=80b0fe0701b85ce7
Python Application Developer,Progressive Technology Federal Systems,"Springfield, VA",https://www.indeed.com/viewjob?jk=212da69ae8013e42
Scrum Master,Q2ebanking,Remote,https://www.indeed.com/viewjob?jk=9fd5693cdc391e76
Big Data Developer,zentek infosoft,"Sunnyvale, CA",https://www.indeed.com/viewjob?jk=b831b67538e1bc6d
Python Developer,"stackArmor, Inc","McLean, VA",https://www.indeed.com/viewjob?jk=d02dc4412eaddee6
Verification Design Engineer,Cyient,Remote,https://www.indeed.com/viewjob?jk=5359e3c11b2f3581
Meteorological Field Scientist,CyberData Technologies,"Sterling, VA",https://www.indeed.com/viewjob?jk=471fe071ecf91655
Risk Analyst,Sagebeans,"San Antonio, TX",https://www.indeed.com/viewjob?jk=54142a4d8fe64652
"Assistant Editor, Opinion",The New York Times,"New York, NY",https://www.indeed.com/viewjob?jk=580c95dc3b7374ba
ETL Developer,FAAZ Consulting,"Ashburn, VA",https://www.indeed.com/viewjob?jk=da3bc278774cbf74
Sr. Python Developer,Amgenium,"Louisville, KY",https://www.indeed.com/viewjob?jk=a8a14d7aa786597c
"Associate Engineer, Asset Provisioning",Intelsat,"McLean, VA",https://www.indeed.com/viewjob?jk=81247d7a3201725c
Líder técnico Phyton - trabajo remoto,Hireline,Remote,https://www.indeed.com/viewjob?jk=1236919b2435cecc
Python Engineer,Terazo,"Richmond, VA",https://www.indeed.com/viewjob?jk=c50e070a7b141eee
Python / R Developer,Stratacent,"Cleveland, OH",https://www.indeed.com/viewjob?jk=af58c6b028e7738b
5G Systems Engineer,Qualcomm,United States,https://www.indeed.com/viewjob?jk=75a20a8c699831eb
Modeler,Walt Disney Animation Studios,"Burbank, CA",https://www.indeed.com/viewjob?jk=7d1eb97edd2e5553
Software Robotics Engineer,Toyota Material Handling U.S.A.,"Columbus, IN",https://www.indeed.com/viewjob?jk=f352a44c3b9bad4d
Hadoop Engineer (C2H),PRIMESOFT INC,"Chicago, IL",https://www.indeed.com/viewjob?jk=535bc86b5b41e38d
Database Engineer,NATION SAFE DRIVERS,"Boca Raton, FL",https://www.indeed.com/viewjob?jk=8d3a617e40812450
IT Manager for Quality Assurance (QA) and Business Analysts (BA),"National Board of Osteopathic Medical Examiners, I...",United States,https://www.indeed.com/viewjob?jk=6ae7fff8129bb912
"Instructor, Python (Part-time Temporary)",Wake Technical Community College,"Raleigh, NC",https://www.indeed.com/viewjob?jk=6bfb87e5f398b5ad
Intern - Data Analysis Yield Enhancement,Micron,"Manassas, VA",https://www.indeed.com/viewjob?jk=952b81cdb65910f4
Senior Data Analyst,Capital One - US,"Richmond, VA",https://www.indeed.com/viewjob?jk=f8285e3a4bf91ef5
Archipelago,Duke Careers,"Durham, NC",https://www.indeed.com/viewjob?jk=78fa731c7c793fc3
"Senior Data Engineer (Python, Scala, and Cloud)",Capital One - US,"Richmond, VA",https://www.indeed.com/viewjob?jk=f2e569641cf785dc
Python Developer,Futuralis Tech,"Seattle, WA",https://www.indeed.com/viewjob?jk=827b0633e67df9e5
Python Developer (#8171),Mass Genics,"Lakeland, FL",https://www.indeed.com/viewjob?jk=e5a1b34f17fe9aa4
Security Researcher,Parsons,"Quantico, VA",https://www.indeed.com/viewjob?jk=df4ebbf6c94c4219
Senior Product Analyst,Origin Biologics,"Las Vegas, NV",https://www.indeed.com/viewjob?jk=3f9f534d42840a8e
GIS Systems Architect - Various Locations,"Timmons Group, Inc.","Richmond, VA",https://www.indeed.com/viewjob?jk=adfe70a7d515235d
Junior Software Engineer - Python,ASRC Federal Holding Company,"Greenbelt, MD",https://www.indeed.com/viewjob?jk=94a0b7a4e9e6ca99
Data Analyst,United Business Solutions INC,"Somerville, MA",https://www.indeed.com/viewjob?jk=0a6c453ec64a5dac
Quality Assurance Engineer,Workforce Logiq,"Newark, NJ",https://www.indeed.com/viewjob?jk=1f11fdfc07255838
Infrastructure Engineer - Websphere/Tomcat,Object Information Services - Richardson,"Irving, TX",https://www.indeed.com/viewjob?jk=af4a456f4147cff2
Junior Software Engineer,PLASSER AMERICAN CORPORATION,"Chesapeake, VA",https://www.indeed.com/viewjob?jk=0da5f9581e2e39dd
Junior Developer,GeekSI,"Tallahassee, FL",https://www.indeed.com/viewjob?jk=8d6300b97a0dd8c7
Python Developer,Proximate Technologies Inc.,"Houston, TX",https://www.indeed.com/viewjob?jk=ffb07e9b0248afa7
Python Software Developer,Perpetual,"New York, NY",https://www.indeed.com/viewjob?jk=e98ece4acc0f8241
Software Engineer,Capital One - US,"Richmond, VA",https://www.indeed.com/viewjob?jk=c0acbae3d9596739
Python Developer,Skilled Hire,"Washington, DC",https://www.indeed.com/viewjob?jk=a255c0c588b45f79
Jr. Software Developer,FrogSlayer,"College Station, TX",https://www.indeed.com/viewjob?jk=a37f6654f6945daa
Chief Architect,Groups360,"Nashville, TN",https://www.indeed.com/viewjob?jk=bda276e11773137f
Python developer,Alt Shift USA,"Chalfont, PA",https://www.indeed.com/viewjob?jk=dcbdd71d22cc137a
Autodesk Dynamo Studio Scientist,Hi:Hab,"San Diego, CA",https://www.indeed.com/viewjob?jk=6c9f6a1ef55cb067
Coordinator with Python Knowledge,CA-One Tech Cloud Inc,"Sunnyvale, CA",https://www.indeed.com/viewjob?jk=7c74f6bdd1957e15
Navigation Engineer - Inertial Sensors,"SignalQuest, LLC","Lebanon, NH",https://www.indeed.com/viewjob?jk=dd441a386bca21e7
IT positions for those looking for H1 Sponsorship - must be present in US,Digital iTechnology,"Round Rock, TX",https://www.indeed.com/viewjob?jk=1a3105535d576d93
Python Developer,Deemsys,"Columbus, OH",https://www.indeed.com/viewjob?jk=d4cd484eae7dcb3a
Data Scientist/Analyst,Tsunami Tsolutions,"Glastonbury, CT",https://www.indeed.com/viewjob?jk=e38074a3e2f2f18a
Python Scripting and Tool Development Online Instructor,The Los Angeles Film School,"Winter Park, FL",https://www.indeed.com/viewjob?jk=84c5b3602e97e05a
Red Team Junior Penetration Tester,Freddie Mac,"McLean, VA",https://www.indeed.com/viewjob?jk=4fd900bdbf2086af
Embedded Software Test Engineer,Star Lab Corp.,"Huntsville, AL",https://www.indeed.com/viewjob?jk=9c2ff55a37745c2e
SOFTWARE DEVELOPMENT INSTRUCTOR (Salaried),Ogden-Weber Technical College,"Ogden, UT",https://www.indeed.com/viewjob?jk=30d6839c445014ae
Python Developer,Seen by Indeed,"Austin, TX",https://www.indeed.com/viewjob?jk=99345ff090923ecd
Summer STEM/Technology Instructors,Black Rocket Productions,"Portsmouth, VA",https://www.indeed.com/viewjob?jk=d6be9abe0550ac42
Senior Python Developer with AWS Textract,"Wisetek Providers, Inc.","New York, NY",https://www.indeed.com/viewjob?jk=74eb9eb45b993c4a
Senior Python/Django Developer,Driven Solutions,"Miami, FL",https://www.indeed.com/viewjob?jk=80b0fe0701b85ce7
Solution Architect,United Consulting LLC,"New York, NY",https://www.indeed.com/viewjob?jk=6cd90e0a31fcd8fa
Python Developer (w2),RGAL,"Worcester, MA",https://www.indeed.com/viewjob?jk=46dc0235ce264cbb
Senior Data Analyst,Capital One - US,"Richmond, VA",https://www.indeed.com/viewjob?jk=38e74ad15864c02d
Manual QA with Python,zb.io,"Sunnyvale, CA",https://www.indeed.com/viewjob?jk=9f9ece58e8af1510
Job Opportuinities for IT Professionals across USA,"Data Sys IT, Inc","Dallas, TX",https://www.indeed.com/viewjob?jk=a009162850392194
"Data Scientist, Junior",Booz Allen Hamilton,"McLean, VA",https://www.indeed.com/viewjob?jk=8ba74c62b435f7ab
Archipelago,Duke Careers,"Durham, NC",https://www.indeed.com/viewjob?jk=78fa731c7c793fc3
Application Developer Apprentice,IBM,West Virginia,https://www.indeed.com/viewjob?jk=ce4b0c624d15ab99
Capital Markets Analyst,Freddie Mac,"McLean, VA",https://www.indeed.com/viewjob?jk=9bfa66eea22dc704
Website and Python Program Developer,Mobility Equipment Recyclers,"North Kingstown, RI",https://www.indeed.com/viewjob?jk=fab83e72d44f6d87
Data Scientist,Quovant.com,"Nashville, TN",https://www.indeed.com/viewjob?jk=82f4ea3322b32e5f
Python Developer,Akar IT Services LLC,"Green Bay, WI",https://www.indeed.com/viewjob?jk=bdc74804367fed24
Jr. Systems Administrator,E Services,"Grimes, IA",https://www.indeed.com/viewjob?jk=e266126c6536519e
Quality Assurance Engineer,Workforce Logiq,"Newark, NJ",https://www.indeed.com/viewjob?jk=1f11fdfc07255838
Sports Research Analyst,Sportradar AG,"Minneapolis, MN",https://www.indeed.com/viewjob?jk=e106cb1f2fb13003
Software Development Intern,Red Berry Innovations,"Springfield, NE",https://www.indeed.com/viewjob?jk=f8600391601905d4
AWS Python developer,Ace-stack LLC,"Philadelphia, PA",https://www.indeed.com/viewjob?jk=772a854bc6e0fb00
Computer Programmer,Cermak Peterka Petersen (CPP),Colorado,https://www.indeed.com/viewjob?jk=ff67cbafcfe9afb2
Support Engineer,Siemplify,Remote,https://www.indeed.com/viewjob?jk=bc2725a1b07b1bc0
Penetration Testers,US Information Technologies,"Chantilly, VA",https://www.indeed.com/viewjob?jk=277f90ab4334f599
Java Developer with Python,Horizon Consulting Inc,"San Jose, CA",https://www.indeed.com/viewjob?jk=a76821a665e4307e
DB Migration Consultant,"Amazon Web Services, Inc.",Virginia,https://www.indeed.com/viewjob?jk=f07d431607417fd7
Sales Director,Gravy Analytics,Remote,https://www.indeed.com/viewjob?jk=0ee6087323bbe7f7
AEM SDET,United Consulting LLC,"San Jose, CA",https://www.indeed.com/viewjob?jk=827b7a65697eabaa
Computational Engineer/Physicist,KCF Technologies Inc,"State College, PA",https://www.indeed.com/viewjob?jk=c15e2bab7341d6ba
Cybersecurity Developer,Stratozen,"Draper, UT",https://www.indeed.com/viewjob?jk=bf2256a4cbb98a6d
Python Developer,"VISH Consulting Services, INC","Minneapolis, MN",https://www.indeed.com/viewjob?jk=abb936cad2b0f7b2
Scrum Master,Q2ebanking,Remote,https://www.indeed.com/viewjob?jk=9fd5693cdc391e76
Software Test Engineer (SDET with Python exp),SSI - Software Specialists,"Valhalla, NY",https://www.indeed.com/viewjob?jk=d44f8df00e90567f
Hourly,Virginia Dept of Transportation,"Salem, VA",https://www.indeed.com/viewjob?jk=437d60afbf1c48c3
Engineering Intern,"Systems Planning and Analysis, Inc.","Alexandria, VA",https://www.indeed.com/viewjob?jk=953ccd016466071c
ETL Developer,FAAZ Consulting,"Ashburn, VA",https://www.indeed.com/viewjob?jk=da3bc278774cbf74
Python Developer,Amgenium,"Austin, TX",https://www.indeed.com/viewjob?jk=4c5d37e9f8634b76
"Summer 2020, American Congress and Government Internship, Governance Studies (Job ID: 2019-2223)",The Brookings Institution,"Washington, DC",https://www.indeed.com/viewjob?jk=56918a0240ecf06b
Support Assistant,Amazon.com Services LLC,"Ruskin, FL",https://www.indeed.com/viewjob?jk=0ad1b207533915fa
Performance Test/Engineers,Universal Technologies,"Brooklyn, NY",https://www.indeed.com/viewjob?jk=87daa81e89c982f6
Python developer,Alt Shift USA,"Chalfont, PA",https://www.indeed.com/viewjob?jk=dcbdd71d22cc137a
Intern: Innovation,Equinix,"Sunnyvale, CA",https://www.indeed.com/viewjob?jk=abbe9692673e112d
Python-Developers,Celandyne Software Solutions,United States,https://www.indeed.com/viewjob?jk=e004e922fdd74fe6
Music Composer,Gearbox Software,"Frisco, TX",https://www.indeed.com/viewjob?jk=e0120791fafd200d
Senior Mechatronics Engineer (21 65 2),KLA+ Corporation,"Milpitas, CA",https://www.indeed.com/viewjob?jk=9bc0052a0917d761
Python Developer,DIGITAL DHARA,"San Jose, CA",https://www.indeed.com/viewjob?jk=92014cb7cd51bc1a
Application Developer,Oregon Mutual Insurance,"McMinnville, OR",https://www.indeed.com/viewjob?jk=43448fb919fe0883
Jr. Software Developer,FrogSlayer,"College Station, TX",https://www.indeed.com/viewjob?jk=a37f6654f6945daa
Information Security Analyst Intern,The College Board,"Reston, VA",https://www.indeed.com/viewjob?jk=773d8c93fc64eb1e
Python Developer,Whizglobal,"Oakland, CA",https://www.indeed.com/viewjob?jk=04c1af64f6dc04a6
IT Solution Technician,Los Angeles Unified School District,"Los Angeles, CA",https://www.indeed.com/viewjob?jk=b5a77c6db64bb0c7
Navigation Engineer - Inertial Sensors,"SignalQuest, LLC","Lebanon, NH",https://www.indeed.com/viewjob?jk=dd441a386bca21e7
IT positions for those looking for H1 Sponsorship - must be present in US,Digital iTechnology,"Round Rock, TX",https://www.indeed.com/viewjob?jk=1a3105535d576d93
Python Developer,Deemsys,"Columbus, OH",https://www.indeed.com/viewjob?jk=d4cd484eae7dcb3a
Data Scientist/Analyst,Tsunami Tsolutions,"Glastonbury, CT",https://www.indeed.com/viewjob?jk=e38074a3e2f2f18a
Python Scripting and Tool Development Online Instructor,The Los Angeles Film School,"Winter Park, FL",https://www.indeed.com/viewjob?jk=84c5b3602e97e05a
Red Team Junior Penetration Tester,Freddie Mac,"McLean, VA",https://www.indeed.com/viewjob?jk=4fd900bdbf2086af
Embedded Software Test Engineer,Star Lab Corp.,"Huntsville, AL",https://www.indeed.com/viewjob?jk=9c2ff55a37745c2e
SOFTWARE DEVELOPMENT INSTRUCTOR (Salaried),Ogden-Weber Technical College,"Ogden, UT",https://www.indeed.com/viewjob?jk=30d6839c445014ae
Python Developer,Seen by Indeed,"Austin, TX",https://www.indeed.com/viewjob?jk=99345ff090923ecd
Python Developer,Proximate Technologies Inc.,"Houston, TX",https://www.indeed.com/viewjob?jk=ffb07e9b0248afa7
Engineering Technologist – Colorado Regulatory Compliance,Spartan Companies,"Denver, CO",https://www.indeed.com/viewjob?jk=4149794d4c763a3d
Fixed Income Production Support Analyst,"Nomura Holdings, Inc.",United States,https://www.indeed.com/viewjob?jk=5cad9bb133494fae
R&D Data Sciences Intern Summer 2020,Johnson & Johnson Family of Companies,"Raritan, NJ",https://www.indeed.com/viewjob?jk=b7045da1851a8996
Senior Python/Django Developer,Surefront,"San Marino, CA",https://www.indeed.com/viewjob?jk=a541c4fbc4bb5abc
"Senior Data Engineer (Python, Scala, and Cloud)",Capital One - US,"Richmond, VA",https://www.indeed.com/viewjob?jk=f2e569641cf785dc
Navigation Engineer - Inertial Sensors,"SignalQuest, LLC","Lebanon, NH",https://www.indeed.com/viewjob?jk=dd441a386bca21e7
Data Scientist,Numero Data LLC,"Herndon, VA",https://www.indeed.com/viewjob?jk=c9a971ab60a748f3
Software Engineer - Junior (C++/Python),Boston Dynamics,"Waltham, MA",https://www.indeed.com/viewjob?jk=da02c251b8e5dccd
Java Python developer,Ace-stack LLC,"Columbus, OH",https://www.indeed.com/viewjob?jk=2a89a74030730ac4
Python Developer,Nexient,"Ann Arbor, MI",https://www.indeed.com/viewjob?jk=13dd24993a14e311
Bioinformatics Scientist,"Agilent Technologies, Inc.","Santa Clara, CA",https://www.indeed.com/viewjob?jk=d0a8b832cc92f6dc
Python Developer,Nemo IT Solutions,"Richardson, TX",https://www.indeed.com/viewjob?jk=88550f40d7bc7d70
Python Developer,Frontend Arts,California,https://www.indeed.com/viewjob?jk=61738b1830df2712
AWS Developer,Edkal Technologies,"Nashville, TN",https://www.indeed.com/viewjob?jk=30bd4bfcbf57952c
QA Engineer (All Levels) - Charlotte,LeanTaaS,"Charlotte, NC",https://www.indeed.com/viewjob?jk=eda9dd0531c07d6a
Python Developer,Futuralis Tech,"Seattle, WA",https://www.indeed.com/viewjob?jk=827b0633e67df9e5
PYTHON DEVELOPER,Pythonwise,"Seattle, WA",https://www.indeed.com/viewjob?jk=1a20a1c56fb7df73
"Python/R/Linux Developer-Columbus, OH",Savantis solutions,"Columbus, OH",https://www.indeed.com/viewjob?jk=5ee6724c9f5a9dd9
Senior Python Developer Gilbert Arizona,NovaTech,"Gilbert, AZ",https://www.indeed.com/viewjob?jk=fb22fad18a913a0d
Cloud/DevOps Training & Placement,"Dexter Systems,Inc.,","Leesburg, VA",https://www.indeed.com/viewjob?jk=089ca65d1ddfdf18
QA Engineer,Soimex,"Indianapolis, IN",https://www.indeed.com/viewjob?jk=4d18bf5621b86420
Deep Learning Sales Consultant,DeepLearningTeam,Virginia,https://www.indeed.com/viewjob?jk=b7435b7718d21d53
Python Software Developer,Perpetual,"New York, NY",https://www.indeed.com/viewjob?jk=e98ece4acc0f8241
VMWare/Windows Administrator,Kalven Technologies,"Birmingham, AL",https://www.indeed.com/viewjob?jk=7ec1bd225668536e
Summer Internship 2020,Tudor Investment Corporation,"New York, NY",https://www.indeed.com/viewjob?jk=2aa62febcef605d5
OSINT Trainer,BAE Systems,"Fayetteville, NC",https://www.indeed.com/viewjob?jk=cdc074effccbe458
Entry Level Physical Scientist,"Signature Science, LLC","Egg Harbor Township, NJ",https://www.indeed.com/viewjob?jk=621f87687f506e48
AWS DevOps Engineer,"Aspirant IT Solutions, Inc","Middletown, PA",https://www.indeed.com/viewjob?jk=d3ab40c4a9055e1b
Junior Security Control Assessor,Jacobs,"Reston, VA",https://www.indeed.com/viewjob?jk=3d1604e010ab25e8
Cloud Scripting & Automation Intern (Python/C/C++ exp),Ellucian,"Lake Mary, FL",https://www.indeed.com/viewjob?jk=3fdd43c7859171e3
Python Developer,1974,"Princeton, NJ",https://www.indeed.com/viewjob?jk=444cb9daa3a208d8
Jr. Python Developer,Precision Technologies Corp,"Monmouth Junction, NJ",https://www.indeed.com/viewjob?jk=a76589301c829dce
Python Developer : 20-00473,Akraya Inc.,"Sunnyvale, CA",https://www.indeed.com/viewjob?jk=5ce3798fe74d73a2
Software Engineer (React/Django/Python),Walt Disney Animation Studios,"Burbank, CA",https://www.indeed.com/viewjob?jk=8db68d2b45a7554a
PYTHON DEVELOPER,Okyte,"Denver, CO",https://www.indeed.com/viewjob?jk=cda533809c1fe815
Azure Data Engineer,7 kings code,Remote,https://www.indeed.com/viewjob?jk=9074f48b356594db
Junior Penetration Tester,Information and Infrastructure Technologies,"Arlington, VA",https://www.indeed.com/viewjob?jk=963fd6b46784e789
Python Developer,Cerotid Inc.,"Atlanta, GA",https://www.indeed.com/viewjob?jk=0a6c44cb6396723d
PL/SQL developer,Ace-stack LLC,"Charlotte, NC",https://www.indeed.com/viewjob?jk=c7f06b8a4fe6f32e
Python Developer,PennyMac,"Plano, TX",https://www.indeed.com/viewjob?jk=5311faed298976e9
Helpdesk Physical Science Technician,CyberData Technologies,"Sterling, VA",https://www.indeed.com/viewjob?jk=1c530f425f1db057
Marketing Analyst,Elephant Insurance,"Henrico, VA",https://www.indeed.com/viewjob?jk=0fb0bd954e7ed891
5G Systems Engineer,Qualcomm,United States,https://www.indeed.com/viewjob?jk=75a20a8c699831eb
Director of Cheminformatics,HotSpot Therapeutics,"Boston, MA",https://www.indeed.com/viewjob?jk=ac05c3b26e1b2936
Junior Software Engineer,PLASSER AMERICAN CORPORATION,"Chesapeake, VA",https://www.indeed.com/viewjob?jk=0da5f9581e2e39dd
Software Developer,eShocan LLC,"Saline, MI",https://www.indeed.com/viewjob?jk=a0156057d77bf776
Python Developer,Tavant Technologies,"Minneapolis, MN",https://www.indeed.com/viewjob?jk=2aeda537460f4b98
Rigging TD,Technicolor,"Los Angeles, CA",https://www.indeed.com/viewjob?jk=22f2066a6c3c6cd6
Junior Full Stack Engineer,Odoo,"San Francisco, CA",https://www.indeed.com/viewjob?jk=e33f553b24cd11af
Navigation Engineer - Inertial Sensors,"SignalQuest, LLC","Lebanon, NH",https://www.indeed.com/viewjob?jk=dd441a386bca21e7
IT positions for those looking for H1 Sponsorship - must be present in US,Digital iTechnology,"Round Rock, TX",https://www.indeed.com/viewjob?jk=1a3105535d576d93
Python Developer,Deemsys,"Columbus, OH",https://www.indeed.com/viewjob?jk=d4cd484eae7dcb3a
Data Scientist/Analyst,Tsunami Tsolutions,"Glastonbury, CT",https://www.indeed.com/viewjob?jk=e38074a3e2f2f18a
Python Scripting and Tool Development Online Instructor,The Los Angeles Film School,"Winter Park, FL",https://www.indeed.com/viewjob?jk=84c5b3602e97e05a
Red Team Junior Penetration Tester,Freddie Mac,"McLean, VA",https://www.indeed.com/viewjob?jk=4fd900bdbf2086af
Embedded Software Test Engineer,Star Lab Corp.,"Huntsville, AL",https://www.indeed.com/viewjob?jk=9c2ff55a37745c2e
SOFTWARE DEVELOPMENT INSTRUCTOR (Salaried),Ogden-Weber Technical College,"Ogden, UT",https://www.indeed.com/viewjob?jk=30d6839c445014ae
Python Developer,Seen by Indeed,"Austin, TX",https://www.indeed.com/viewjob?jk=99345ff090923ecd
Software Developer,eShocan LLC,"Saline, MI",https://www.indeed.com/viewjob?jk=a0156057d77bf776
Python Developer,Tavant Technologies,"Minneapolis, MN",https://www.indeed.com/viewjob?jk=2aeda537460f4b98
Rigging TD,Technicolor,"Los Angeles, CA",https://www.indeed.com/viewjob?jk=22f2066a6c3c6cd6
Junior Full Stack Engineer,Odoo,"San Francisco, CA",https://www.indeed.com/viewjob?jk=e33f553b24cd11af
"Cybersecurity Engineer, Junior",Booz Allen Hamilton,"Alexandria, VA",https://www.indeed.com/viewjob?jk=f1cd46d900ff8202
Senior Data Analylst,Capital One - US,"McLean, VA",https://www.indeed.com/viewjob?jk=a2c0d96eb27c6107
Animal Care Technician,Reptiles by Mack,"Xenia, OH",https://www.indeed.com/viewjob?jk=6f64921b11dcacf5
Full-stack Engineer (Remote - USA),Creative Market,United States,https://www.indeed.com/viewjob?jk=1beaae1e730ed313
ACAS Vulnerability Admin,CHOISYS TECHNOLOGY INC,"Quantico, VA",https://www.indeed.com/viewjob?jk=d2a05644286bcaf9
AWS DevOps Engineer,SmartTechlink Sollutions Inc.,"Richmond, VA",https://www.indeed.com/viewjob?jk=2f89af3eff1ef169
AWS Solutions Engineer with Python:Veteran+Military Connected,Veteran Staffing Network,"Reston, VA",https://www.indeed.com/viewjob?jk=9f9bfcda7fb127e6
Neuroengineer,NEURALINK,"San Francisco, CA",https://www.indeed.com/viewjob?jk=8b9fc9fcd4a617a4
Game Engineer,Jam City,"Culver City, CA",https://www.indeed.com/viewjob?jk=a062ceae922b36c3
Senior Python Developer,EshaIT,"New York, NY",https://www.indeed.com/viewjob?jk=3cfa0aebc9a267c9
Penetration Testing Associate,SecureIT,"Reston, VA",https://www.indeed.com/viewjob?jk=e0a8a1a148321c3b
Network Enginne,Inficare Technologies,"Dallas, TX",https://www.indeed.com/viewjob?jk=8bf2f053654a32a8
DevOps Engineer,Applied Computing Technologies,"Bluemont, VA",https://www.indeed.com/viewjob?jk=0dc86f2685af08b7
Python / SQL Backend Developer,SimpleToWork,"New York, NY",https://www.indeed.com/viewjob?jk=4aebf20730284075
Operations Research Engineer,Schneider,United States,https://www.indeed.com/viewjob?jk=48e4d39b2cf314bb
Data Analyst,Nolij Consulting,"Falls Church, VA",https://www.indeed.com/viewjob?jk=60ee9ff701fa026f
Python Developer,Avani Technology Solutions Inc,"San Jose, CA",https://www.indeed.com/viewjob?jk=1078fce6a6f420eb
Full Stack Python Developer,Intellectyx,"Pasadena, CA",https://www.indeed.com/viewjob?jk=9629a830b26c768c
Sr DevOps Engineer,Vertex IT Services,"Englewood, CO",https://www.indeed.com/viewjob?jk=3620b7a3a04c5379
Python Developer,Byte Systems,"Reston, VA",https://www.indeed.com/viewjob?jk=ebabff8f4153aca1
Python Engineer,Hostwinds,"Seattle, WA",https://www.indeed.com/viewjob?jk=21bd8c239a92d06c
Business Consultant Research and Design,Southwest Airlines,"Dallas, TX",https://www.indeed.com/viewjob?jk=e4472e3c9d8f857f
Software Developer,UST Global,"Thousand Oaks, CA",https://www.indeed.com/viewjob?jk=9f68f5b4027116ac
Web Application Programmer-(Entry Level),Radent,"Tallahassee, FL",https://www.indeed.com/viewjob?jk=54bff924e60bf80b
Specialist,Microsoft,United States,https://www.indeed.com/viewjob?jk=8e18a0009157eb75
Product DevOps Engineer,VIDIZMO LLC,Virginia,https://www.indeed.com/viewjob?jk=e7ca217eef18ed88
Image Processing Engineer,imgix,"San Francisco, CA",https://www.indeed.com/viewjob?jk=3c7fc74239256993
Python Front End Developer,Theia Interactive,"Chico, CA",https://www.indeed.com/viewjob?jk=eeb1624bd9d23ecc
Business Analyst,Kapitus,"Arlington, VA",https://www.indeed.com/viewjob?jk=5f9e577b7d018992
Full Stack Developer - API (Remote),Brandyourself,Remote,https://www.indeed.com/viewjob?jk=efe774ddfcb2fd3e
Computer Programmer,First Capital Payments,"San Juan, PR",https://www.indeed.com/viewjob?jk=939ce68351377ffa
QA Engineer,Core Wellness,"San Francisco, CA",https://www.indeed.com/viewjob?jk=393d28a69f147390
Robotics Engineer,Built Robotics,"San Francisco, CA",https://www.indeed.com/viewjob?jk=3bd2b1aaa3d6c0eb
Credit Model Scientist,American Savings Bank,"Honolulu, HI",https://www.indeed.com/viewjob?jk=b19e2d0c7addbafd
Quality Engineer,Key Bank- Corporate,"Brooklyn, OH",https://www.indeed.com/viewjob?jk=a7fb62e38ed3afe4
Technical Aide-Summer_Advanced Technologies (McLean),Mitre Corporation,"McLean, VA",https://www.indeed.com/viewjob?jk=dd0130803a1d9cf6
Embedded Software Test Engineer,Star Lab Corp.,"Huntsville, AL",https://www.indeed.com/viewjob?jk=9c2ff55a37745c2e
Flow Trader,UBS,"New York, NY",https://www.indeed.com/viewjob?jk=4412da9125859ea8
Backend Developer(Python and Node),Rapid Value Solution's Client,"Walnut Creek, CA",https://www.indeed.com/viewjob?jk=f5191d8a196fc7dd
Identity Access Management Engineer,Zachary Piper Solutions,"Fairfax, VA",https://www.indeed.com/viewjob?jk=df41df2b9f79d8b8
"Music Operations Specialist, YouTube",YouTube,"New York, NY",https://www.indeed.com/viewjob?jk=c1fe6fa517c2018f
Certified Calibration Technician,CyberData Technologies,"Sterling, VA",https://www.indeed.com/viewjob?jk=82c7ffd5f2e460a4
Data Analyst,"Incept Data Solutions, Inc","Sterling, VA",https://www.indeed.com/viewjob?jk=d272be08efeab4b2
Python Hive Developer-Need w2,Amgenium,"Detroit, MI",https://www.indeed.com/viewjob?jk=5ea30769ab58324d
Software Engineer,University of Colorado Boulder,"Boulder, CO",https://www.indeed.com/viewjob?jk=5244de61cf0386f2
"Sales Operations Program Manager, Reporting and Data",Apple,"Santa Clara Valley, CA",https://www.indeed.com/viewjob?jk=4c302feb857dd95f
Navigation Engineer - Inertial Sensors,"SignalQuest, LLC","Lebanon, NH",https://www.indeed.com/viewjob?jk=dd441a386bca21e7
IT positions for those looking for H1 Sponsorship - must be present in US,Digital iTechnology,"Round Rock, TX",https://www.indeed.com/viewjob?jk=1a3105535d576d93
Python Developer,Deemsys,"Columbus, OH",https://www.indeed.com/viewjob?jk=d4cd484eae7dcb3a
Data Scientist/Analyst,Tsunami Tsolutions,"Glastonbury, CT",https://www.indeed.com/viewjob?jk=e38074a3e2f2f18a
Python Scripting and Tool Development Online Instructor,The Los Angeles Film School,"Winter Park, FL",https://www.indeed.com/viewjob?jk=84c5b3602e97e05a
Red Team Junior Penetration Tester,Freddie Mac,"McLean, VA",https://www.indeed.com/viewjob?jk=4fd900bdbf2086af
Embedded Software Test Engineer,Star Lab Corp.,"Huntsville, AL",https://www.indeed.com/viewjob?jk=9c2ff55a37745c2e
SOFTWARE DEVELOPMENT INSTRUCTOR (Salaried),Ogden-Weber Technical College,"Ogden, UT",https://www.indeed.com/viewjob?jk=30d6839c445014ae
Python Developer,Seen by Indeed,"Austin, TX",https://www.indeed.com/viewjob?jk=99345ff090923ecd
Python Developer,Seen by Indeed,"Austin, TX",https://www.indeed.com/viewjob?jk=99345ff090923ecd
Python Developer,Diligencevault,"New York, NY",https://www.indeed.com/viewjob?jk=0eeffdc15077c74a
CV/ML Engineers - Contract,Digitalogy,Remote,https://www.indeed.com/viewjob?jk=c87854a848ad9a33
Python & SQL Programmer,Fresh Consulting,"Redmond, WA",https://www.indeed.com/viewjob?jk=69303a0e0f3e2287
Python Developer,ELEVI Associates,"Columbia, MD",https://www.indeed.com/viewjob?jk=4a07ce21fb45528d
Python/Spark Developer,HALVIK,"Vienna, VA",https://www.indeed.com/viewjob?jk=df7c71709db00c28
Python Developer,eTek IT Service,"Seattle, WA",https://www.indeed.com/viewjob?jk=66c5c33f26aaa031
python developer,Ethosatwork,"Ohio, NY",https://www.indeed.com/viewjob?jk=d7ef6c2e212c8911
Sr. Data Scientist,Kairos Technologies,"Keene, NH",https://www.indeed.com/viewjob?jk=b08eb9183fc65685
Python Developer,E-INFOSOL LLC,"Arlington, VA",https://www.indeed.com/viewjob?jk=761f0aa3881fb243
Splunk Engineer,"Moorecroft Systems, Inc.","Dania Beach, FL",https://www.indeed.com/viewjob?jk=9df188007534f6a0
Junior Firmware Engineer,ORBCOMM,"Sterling, VA",https://www.indeed.com/viewjob?jk=501a8e7c17ba1f92
Full Stack Developer,PWV Consultants,Remote,https://www.indeed.com/viewjob?jk=71cc37d4c67655ea
IT Manager for Quality Assurance (QA) and Business Analysts (BA),"National Board of Osteopathic Medical Examiners, I...",United States,https://www.indeed.com/viewjob?jk=6ae7fff8129bb912
Web Developer,Ballotpedia,Remote,https://www.indeed.com/viewjob?jk=4802c58f8f34edf9
"Software Engineer, Data",Warner Bros. Entertainment Group,"Burbank, CA",https://www.indeed.com/viewjob?jk=4ac3b22b92ac7169
Data Analyst,Salud Revenue Partners,"Lafayette, IN",https://www.indeed.com/viewjob?jk=2733bf479a1b21ec
Back-end Developer,OnLogic,"South Burlington, VT",https://www.indeed.com/viewjob?jk=1187b5fe13320b72
Python Developer (Fullstack),Konviere Corporation,"Leawood, KS",https://www.indeed.com/viewjob?jk=213ef23aef1e09fd
Software Engineer,Strive,"San Francisco, CA",https://www.indeed.com/viewjob?jk=149e4b889bc71133
Database Application Developer,State of North Carolina,"Wake County, NC",https://www.indeed.com/viewjob?jk=c61b621d1c499270
Machine Learning Robotics Engineer,Toyota Material Handling U.S.A.,"Columbus, IN",https://www.indeed.com/viewjob?jk=e265a5b4de715e3b
GIS Technician,Cardno,"Honolulu, HI",https://www.indeed.com/viewjob?jk=f839a9644088a0a4
DevOps Engineer,HCL America Inc,"St. Louis, MO",https://www.indeed.com/viewjob?jk=31a7c4c8c03d1134
Software Engineer,ftrack,Remote,https://www.indeed.com/viewjob?jk=18aa417b72082b38
Software Engineer I/II,Practice by Numbers,"Redmond, WA",https://www.indeed.com/viewjob?jk=45aff11a81da839e
Software Engineer- Internship,L3Harris Technologies,"Centreville, VA",https://www.indeed.com/viewjob?jk=482a3e2ea069f630
End User Computing Engineer,Paylocity,Remote,https://www.indeed.com/viewjob?jk=686e13bef244d0cc
Python Developer,FullStack Labs,Remote,https://www.indeed.com/viewjob?jk=fac1f30973ccf94d
SDET – Python,Highbrow LLC,"Seattle, WA",https://www.indeed.com/viewjob?jk=a69674cb17e7ad68
Senior Python Developer,LenderClose,"West Des Moines, IA",https://www.indeed.com/viewjob?jk=8f43e4a77041fe5c
TradeOps Developer - NYC (Python),Hudson River Trading,"New York, NY",https://www.indeed.com/viewjob?jk=b3ce044ac4b73644
Infrastructure Engineer - Websphere/Tomcat,Object Information Services - Richardson,"Irving, TX",https://www.indeed.com/viewjob?jk=af4a456f4147cff2
Python Developer,Brilliant Infotech,"New York, NY",https://www.indeed.com/viewjob?jk=4439bd8eb98b6c86
Python Developer (9692),Advantech,"Chicago, IL",https://www.indeed.com/viewjob?jk=b069c9b57244c444
Business Intelligence Engineer - Robotics,Amazon.com Services LLC,"Westborough, MA",https://www.indeed.com/viewjob?jk=0a2b7264074edcee
Systems Administrator,The Goal Inc.,United States,https://www.indeed.com/viewjob?jk=5fef937323189e88
Junior Software Engineer,FormSwift,"San Francisco, CA",https://www.indeed.com/viewjob?jk=1e12b18acfdc21fa
US Engineering Technician,QualySense,"West, TX",https://www.indeed.com/viewjob?jk=97b35f5b6f5d7eb9
Python Developer,"Accolite, Inc.","San Francisco, CA",https://www.indeed.com/viewjob?jk=fba1d294996286c5
Python Developer,Akampa consulting,"New York, NY",https://www.indeed.com/viewjob?jk=ab80858712a6df7d
Software Developer - Python & Django,Anders Innovations,"Baltimore, MD",https://www.indeed.com/viewjob?jk=057e46a143a2565f
Machine Learning Engineer (Remote),Knock,Remote,https://www.indeed.com/viewjob?jk=ef64a04cd446fdea
Operations Associate,Clear Street,"New York, NY",https://www.indeed.com/viewjob?jk=660f27067e1d334c
Data Science Internship,Tagup Inc.,"Somerville, MA",https://www.indeed.com/viewjob?jk=da32fc24c4de05cc
Data Scientist,Pacific Data Integrators,"San Francisco, CA",https://www.indeed.com/viewjob?jk=2e48d0a97b9eb841
Python Developer,Convene Technologies,"Palo Alto, CA",https://www.indeed.com/viewjob?jk=3415a6364a320e20
Cybersecurity Software Engineer,Progeny,"Manassas, VA",https://www.indeed.com/viewjob?jk=aa76fbac16dc7353
Senior ETL Developer,Vertex IT Services,"Denver, CO",https://www.indeed.com/viewjob?jk=e5aa975e81a3c8ae
Modeling,Evalueserve,United States,https://www.indeed.com/viewjob?jk=fdbe3341ffe6a5db
Sr. Python Developer / AWS,"ASAP Solutions Group, LLC","Dallas, TX",https://www.indeed.com/viewjob?jk=ec5017dbb134e6fb
Navigation Engineer - Inertial Sensors,"SignalQuest, LLC","Lebanon, NH",https://www.indeed.com/viewjob?jk=dd441a386bca21e7
IT positions for those looking for H1 Sponsorship - must be present in US,Digital iTechnology,"Round Rock, TX",https://www.indeed.com/viewjob?jk=1a3105535d576d93
Data Scientist/Analyst,Tsunami Tsolutions,"Glastonbury, CT",https://www.indeed.com/viewjob?jk=e38074a3e2f2f18a
Python Scripting and Tool Development Online Instructor,The Los Angeles Film School,"Winter Park, FL",https://www.indeed.com/viewjob?jk=84c5b3602e97e05a
Red Team Junior Penetration Tester,Freddie Mac,"McLean, VA",https://www.indeed.com/viewjob?jk=4fd900bdbf2086af
SOFTWARE DEVELOPMENT INSTRUCTOR (Salaried),Ogden-Weber Technical College,"Ogden, UT",https://www.indeed.com/viewjob?jk=30d6839c445014ae
Python Developer,Deemsys,"Columbus, OH",https://www.indeed.com/viewjob?jk=d4cd484eae7dcb3a
Embedded Software Test Engineer,Star Lab Corp.,"Huntsville, AL",https://www.indeed.com/viewjob?jk=9c2ff55a37745c2e
Chief Architect,Groups360,"Nashville, TN",https://www.indeed.com/viewjob?jk=bda276e11773137f
Python Developer,Willis Towers Watson,"New York, NY",https://www.indeed.com/viewjob?jk=9443a84a87632cde
Python SDET,Carnegie Soft,"Austin, TX",https://www.indeed.com/viewjob?jk=a948920cfc8666a3
Junior Software Developer,Springshare,"New York, NY",https://www.indeed.com/viewjob?jk=c2358fc3b749d34b
Hydrologist II (Hydrologic Models),St Johns River Water Management District,"Palatka, FL",https://www.indeed.com/viewjob?jk=b209235c753e2f6b
Jr. Tableau BI Developer,Numero Data LLC,"Herndon, VA",https://www.indeed.com/viewjob?jk=c3d097f6c4f70b65
"Data Engineer (SQL, Python)",Viant,"Irvine, CA",https://www.indeed.com/viewjob?jk=0b9a42cac0ca8822
Red Team Junior Penetration Tester,Freddie Mac,"McLean, VA",https://www.indeed.com/viewjob?jk=0e4d33e60aef88dd
Junior Software Engineer,NYC DEPT OF CITY PLANNING,"New York, NY",https://www.indeed.com/viewjob?jk=b0d6ac25e7c35ee4
Data Scientist,Spry Health,"Palo Alto, CA",https://www.indeed.com/viewjob?jk=cca66786a20e3576
Applications Engineer,Extron Electronics,"Anaheim, CA",https://www.indeed.com/viewjob?jk=41ea1d0fdc6699af
Python Backend Engineer,Enquero Inc,"Plano, TX",https://www.indeed.com/viewjob?jk=63bb01a3abcdd5a5
Python Engineer,Red Ventures,"Charlotte, NC",https://www.indeed.com/viewjob?jk=fb9619631dc50649
Python Developer (Freshers),Core Software Tech,"Township of Plainsboro, NJ",https://www.indeed.com/viewjob?jk=29dc493aa8229d16
Database Engineer,NATION SAFE DRIVERS,"Boca Raton, FL",https://www.indeed.com/viewjob?jk=8d3a617e40812450
DevOps Engineer,Data Concepts,"Glen Allen, VA",https://www.indeed.com/viewjob?jk=b5d818b0cd60a54b
"Software Engineer, New Graduate 2020",Quantcast,"San Francisco, CA",https://www.indeed.com/viewjob?jk=043c6583cd5f8739
Web Developer,Mystek Systems,"Chantilly, VA",https://www.indeed.com/viewjob?jk=6f4b8b5f90e63c30
Python Developer - onshore offshore coordination (Google Contract),CA-One Tech Cloud,"Sunnyvale, CA",https://www.indeed.com/viewjob?jk=e1be069861bd7003
"Autopilot, Software Engineer",General Atomics and Affiliated Companies,"San Diego, CA",https://www.indeed.com/viewjob?jk=8df0b273008b34f3
Agile Development Senior,Freddie Mac,"McLean, VA",https://www.indeed.com/viewjob?jk=0301d8999bae1c3b
ISG Technology - Python Developer,Goldman Sachs,"New York, NY",https://www.indeed.com/viewjob?jk=4e4ee032031a169d
Software Engineer,ReCharge Technologies Corporation,"San Francisco, CA",https://www.indeed.com/viewjob?jk=87d9e073bb5a4d6e
Entry Level Data Scientist / Python Developer,Dataquest Corp,"Staten Island, NY",https://www.indeed.com/viewjob?jk=4f5305e65fe071cb
Research Engineer,NHK International Corporation,"Novi, MI",https://www.indeed.com/viewjob?jk=b2c05b3dccd46ed2
Code Coach,The Coder School Commack,"Commack, NY",https://www.indeed.com/viewjob?jk=6b42ea583faaa81d
"Internship-Java/J2EE Application Development - Monroe, LA",IBM,"Monroe, LA",https://www.indeed.com/viewjob?jk=d7f6cd061830abf9
Backend Engineer,Density,Remote,https://www.indeed.com/viewjob?jk=160acfc0b743280b
Data Scientist,Degreed,Remote,https://www.indeed.com/viewjob?jk=c73a76937d8a17ec
Junior Full Stack Software Engineer,Rising Tide Digital,Remote,https://www.indeed.com/viewjob?jk=b791de7bc7577f07
Entry Level Software Engineer,Teradyne,"Chelmsford, MA",https://www.indeed.com/viewjob?jk=eb3795450f42a487
Data Scientist,Kanini Software Solutions,"Nashville, TN",https://www.indeed.com/viewjob?jk=5e086c2da83530d8
QA Engineer,Ascend Global Partners,"Basking Ridge, NJ",https://www.indeed.com/viewjob?jk=3f92548957cf9ddd
Entry Level Analyst Rotation Program,Walden Local Meat Co.,"North Billerica, MA",https://www.indeed.com/viewjob?jk=b1aca5441e4e0275
REMOTE** Senior FedRAMP Assessor,Lunarline,United States,https://www.indeed.com/viewjob?jk=d46687eb2a569b4c
Machine Learning Researcher,antuit.ai,"Dallas, TX",https://www.indeed.com/viewjob?jk=1a882b06c21d9101
Global Procurement - Procurement Analytics (Entry Level),IBM,"Research Triangle Park, NC",https://www.indeed.com/viewjob?jk=f69be04c2661b79d
Full-stack Developer,Eateam,"Palo Alto, CA",https://www.indeed.com/viewjob?jk=c183fe04bdeb5daf
Data Engineer,Capital One - US,"Richmond, VA",https://www.indeed.com/viewjob?jk=d6cd91fd58d60498
Consulting Professors,Saylor Academy,Remote,https://www.indeed.com/viewjob?jk=edb0eb6a7ba31772
Frontend Developer,"Aveshka, Inc.","Vienna, VA",https://www.indeed.com/viewjob?jk=ce1651fdb6e7b445
Sr. Python Developer,Horizontal Talent,"Plano, TX",https://www.indeed.com/viewjob?jk=8b699e09acd6d912
VP Engineering (Logistics),EliCommerce,"Los Angeles, CA",https://www.indeed.com/viewjob?jk=660efd0d94429e8f
Python Developer,Gallega Software Solutions Inc,"Boston, MA",https://www.indeed.com/viewjob?jk=5bb02db4814c59d6
Python Developer,Skilled Hire,"Washington, DC",https://www.indeed.com/viewjob?jk=a255c0c588b45f79
Data Scientist/Data Analytics,"RICEFW Technologies, inc","Jersey, GA",https://www.indeed.com/viewjob?jk=e3513226e1505ba8
Basketball Analytics Summer Intern,Los Angeles Lakers,"El Segundo, CA",https://www.indeed.com/viewjob?jk=1c13dcb476750972
SR. DATA ANALYST,DAtec,"Reston, VA",https://www.indeed.com/viewjob?jk=1f0ba521d90ef522
IoT Internship,Rehau,"Leesburg, VA",https://www.indeed.com/viewjob?jk=6df95a7cf5b3a62e
Java with Python Developer,Cox IT Global LLC,"Richmond, VA",https://www.indeed.com/viewjob?jk=44df3de06870f195
Navigation Engineer - Inertial Sensors,"SignalQuest, LLC","Lebanon, NH",https://www.indeed.com/viewjob?jk=dd441a386bca21e7
IT positions for those looking for H1 Sponsorship - must be present in US,Digital iTechnology,"Round Rock, TX",https://www.indeed.com/viewjob?jk=1a3105535d576d93
Python Developer,Deemsys,"Columbus, OH",https://www.indeed.com/viewjob?jk=d4cd484eae7dcb3a
Data Scientist/Analyst,Tsunami Tsolutions,"Glastonbury, CT",https://www.indeed.com/viewjob?jk=e38074a3e2f2f18a
Python Scripting and Tool Development Online Instructor,The Los Angeles Film School,"Winter Park, FL",https://www.indeed.com/viewjob?jk=84c5b3602e97e05a
Red Team Junior Penetration Tester,Freddie Mac,"McLean, VA",https://www.indeed.com/viewjob?jk=4fd900bdbf2086af
Embedded Software Test Engineer,Star Lab Corp.,"Huntsville, AL",https://www.indeed.com/viewjob?jk=9c2ff55a37745c2e
SOFTWARE DEVELOPMENT INSTRUCTOR (Salaried),Ogden-Weber Technical College,"Ogden, UT",https://www.indeed.com/viewjob?jk=30d6839c445014ae
Python Developer,Seen by Indeed,"Austin, TX",https://www.indeed.com/viewjob?jk=99345ff090923ecd
